MAPPED_CUST_ID,FIRST_NAME,LAST_NAME,DATE_OF_BIRTH,AGE,EDUCATION,STATUS,MARITAL_STATUS,NO_OF_CHILDRENS,NO_OF_DEPENDENTS,HOUSE_OWNERSHIP,OCCUPATION,PURCHASE_HABITS_APPAREL,PURCHASE_HABITS_TRAVEL,PURCHASE_HABITS_FITNESS,PURCHASE_HABITS_COMPUTERS,PURCHASE_HABITS_FICTION,PURCHASE_HABITS_OTHERS
622202748087,CHRISTOPHER,HUGHES,123984000000,51,BACHELOR,EMPLOYED,SINGLE,3,3,OTHER,ADJUSTER,0,1,0,1,1,0
853768867619,JOSEPH,FELICIANO,789955200000,30,DOCTORATE,SELF_EMPLOYED,MARRIED,2,2,MORTGAGE,ADJUSTER,1,0,1,0,0,1
420682816133,DEARRA,ALLEN,156038400000,50,ASSOCIATE,STUDENT,WIDOWED,1,2,MORTGAGE,AGENT,0,1,0,0,1,1
97325822321,JOEL,BECK,473212800000,40,BACHELOR,STUDENT,SINGLE,2,3,MORTGAGE,AGENT,1,1,1,1,0,1
768702368630,MANZUR,CHOWDURY,-128476800000,59,DOCTORATE,EMPLOYED,DIVORCED,3,3,OWN,AGENT,0,0,1,0,1,0
234608157883,STEVEN,EDWARDS,739238400000,32,DOCTORATE,RETIRED,DIVORCED,2,3,OWN,ADJUSTER,0,1,1,0,0,0
202567216662,DENNIS,MUMFORD,-338083200000,66,MASTER,EMPLOYED,SINGLE,2,3,RENT,AGENT,0,1,1,0,1,0
875346902871,DENNIS,CHAMBLISS,399254400000,42,ASSOCIATE,STUDENT,MARRIED,0,1,MORTGAGE,AGENT,0,0,0,0,1,0
493182822932,TYLER,APLIN,284601600000,46,BACHELOR,EMPLOYED,DIVORCED,2,2,OWN,AGENT,1,1,0,0,1,0
5336223484,SHERRI,HAMILTON,745804800000,31,MASTER,SELF_EMPLOYED,MARRIED,0,1,MORTGAGE,AGENT,1,0,0,1,1,0
591551646021,JERTAESHIA,MCMULLEN,-1555200000,55,BACHELOR,UNEMPLOYED,DIVORCED,2,3,RENT,AGENT,0,1,1,0,0,1
131482050052,CAROLYN,MAYBERRY,661132800000,34,HIGH_SCHOOL,SELF_EMPLOYED,DIVORCED,1,2,RENT,AGENT,1,0,1,0,0,1
352964718756,ALEJANDRO,AGUILERA-ACOSTA,658800000000,34,ASSOCIATE,RETIRED,DIVORCED,2,2,OTHER,AGENT,1,0,0,0,0,0
262259071336,ALEJANDRO,TORO,232156800000,48,HIGH_SCHOOL,SELF_EMPLOYED,SINGLE,3,4,MORTGAGE,AGENT,1,1,1,0,0,1
466858786304,MYRIAM,JIMENEZ,915235200000,26,MASTER,UNEMPLOYED,WIDOWED,0,1,OTHER,AGENT,0,0,1,0,0,1
359531699144,JOSE,BALLEZA,92793600000,52,DOCTORATE,SELF_EMPLOYED,DIVORCED,3,4,MORTGAGE,AGENT,0,1,1,0,0,0
312618904341,OLUWASEUN,SETH,-58838400000,57,ASSOCIATE,STUDENT,DIVORCED,0,1,MORTGAGE,AGENT,0,0,1,0,0,1
105856879621,LILIANA,PARKER,-284515200000,64,BACHELOR,UNEMPLOYED,SINGLE,3,4,MORTGAGE,ADJUSTER,0,0,1,1,0,0
922517865402,ELIJAH,GUEST,283737600000,46,MASTER,UNEMPLOYED,WIDOWED,2,2,RENT,ADJUSTER,0,0,0,0,1,0
914105170530,WILLIAM,ASHBAUGH,136252800000,51,MASTER,UNEMPLOYED,SINGLE,2,3,RENT,AGENT,1,1,0,0,1,0
173874139070,JAMES,HROMADKA,-244512000000,63,MASTER,RETIRED,DIVORCED,1,2,OWN,AGENT,1,1,0,0,1,1
402010444758,JOHN,MAHONEY,-322790400000,65,ASSOCIATE,SELF_EMPLOYED,SINGLE,2,2,OTHER,AGENT,0,0,0,0,0,1
24819704161,FRANCHELLE,THOMAS,73094400000,53,MASTER,RETIRED,DIVORCED,0,1,OWN,AGENT,1,0,1,1,1,0
843703951042,SUSAN,PAXTON,213062400000,48,DOCTORATE,UNEMPLOYED,MARRIED,3,3,RENT,AGENT,0,1,1,1,1,0
279124414686,MIGUEL,RAMIREZ,688780800000,33,HIGH_SCHOOL,EMPLOYED,DIVORCED,2,2,RENT,ADJUSTER,0,1,1,1,0,0
569423961254,DAJAUN,ALPHONSE,124588800000,51,ASSOCIATE,STUDENT,WIDOWED,3,4,RENT,AGENT,0,0,0,1,1,0
75007514007,NOUREDINE,BELKHERROUBI,444873600000,41,ASSOCIATE,UNEMPLOYED,MARRIED,2,3,OTHER,AGENT,1,1,1,0,0,0
81176566914,CHRISTOPHER,FRANCHINA,491356800000,40,DOCTORATE,UNEMPLOYED,WIDOWED,0,0,RENT,AGENT,0,0,1,0,0,0
65081945442,LEYKENDRA,MORRISON,-103420800000,58,BACHELOR,UNEMPLOYED,MARRIED,2,2,MORTGAGE,AGENT,1,0,0,1,1,1
336592169889,TIFFANY,HAMILTON,245203200000,47,MASTER,STUDENT,WIDOWED,3,3,OTHER,AGENT,0,1,1,0,0,1
489059257516,WILLIAM,REID,-226972800000,62,BACHELOR,STUDENT,MARRIED,1,2,RENT,ADJUSTER,1,0,0,1,1,1
17635008716,NATHAN,CASSARO,702864000000,33,ASSOCIATE,EMPLOYED,SINGLE,2,3,MORTGAGE,ADJUSTER,0,1,1,1,0,1
760610728078,WANDA,PRINCE,512352000000,39,DOCTORATE,RETIRED,DIVORCED,0,0,OTHER,ADJUSTER,0,1,0,0,0,1
889143999782,EDIXON,VILLALOBOS,-254188800000,63,DOCTORATE,UNEMPLOYED,WIDOWED,0,0,MORTGAGE,AGENT,0,1,1,0,1,0
991279824711,JEFFREY,BOHR,121219200000,51,HIGH_SCHOOL,EMPLOYED,WIDOWED,1,1,OTHER,ADJUSTER,0,0,0,1,0,1
213868544877,KYMESHA,KENDRICKS,466128000000,40,HIGH_SCHOOL,EMPLOYED,MARRIED,3,3,MORTGAGE,AGENT,1,0,0,1,1,0
533630009256,LISA,GREEN,900892800000,27,MASTER,RETIRED,DIVORCED,1,2,OWN,AGENT,1,0,0,0,0,0
337212969456,JAMES,WALLACE,-94867200000,58,ASSOCIATE,EMPLOYED,MARRIED,3,3,RENT,AGENT,1,1,0,0,1,1
301547367014,TIMOTHY,BARNES,820540800000,29,HIGH_SCHOOL,SELF_EMPLOYED,MARRIED,1,2,OWN,ADJUSTER,1,1,1,1,0,1
557688786000,JEFFREY,WARD,-179539200000,61,BACHELOR,SELF_EMPLOYED,MARRIED,3,4,OTHER,AGENT,1,0,0,1,0,1
260567864981,BRADFORD,THORNE,412128000000,42,DOCTORATE,UNEMPLOYED,MARRIED,0,0,RENT,AGENT,1,1,0,0,0,1
641009122268,MICHAEL,HAYES,-132105600000,59,MASTER,EMPLOYED,DIVORCED,2,3,OWN,AGENT,0,1,1,1,0,0
514891265626,DEREK,SPECK,32400000000,54,MASTER,STUDENT,DIVORCED,0,0,MORTGAGE,AGENT,1,0,1,1,1,0
84950864530,SIMONE,POPO,818035200000,29,ASSOCIATE,EMPLOYED,WIDOWED,1,2,OWN,AGENT,0,0,0,1,1,0
185795311213,MARJORIE,CARRANDI,631756800000,35,DOCTORATE,UNEMPLOYED,DIVORCED,0,1,RENT,AGENT,0,1,1,0,0,0
161978543100,TRACI,KAAS,-218419200000,62,HIGH_SCHOOL,UNEMPLOYED,MARRIED,2,2,OTHER,AGENT,0,0,1,1,0,1
409084029766,ZENETEA,ALEXANDER,625622400000,35,BACHELOR,EMPLOYED,MARRIED,0,0,MORTGAGE,AGENT,1,1,0,0,1,0
235130232823,RUSSELL,JENSEN,933379200000,26,BACHELOR,EMPLOYED,SINGLE,0,1,MORTGAGE,AGENT,0,1,1,0,0,1
925244342401,WILLIAM,MORENO,704505600000,33,BACHELOR,STUDENT,WIDOWED,2,3,RENT,AGENT,0,0,1,1,0,0
627036750800,FRANCISCO,ROQUE,667440000000,34,ASSOCIATE,STUDENT,SINGLE,1,1,MORTGAGE,AGENT,0,1,0,0,1,0
916458850550,ROSLYN,ELY,467510400000,40,DOCTORATE,SELF_EMPLOYED,WIDOWED,0,0,OWN,AGENT,1,0,0,0,0,0
828923784503,GREGORY,EDWARDS,466041600000,40,HIGH_SCHOOL,EMPLOYED,DIVORCED,0,0,OWN,AGENT,1,1,1,0,1,1
803299683506,KEONDRE,THOMAS,206150400000,49,DOCTORATE,UNEMPLOYED,DIVORCED,1,1,OWN,ADJUSTER,0,1,0,1,1,0
105232497096,ERIC,LEVY,-146275200000,60,ASSOCIATE,UNEMPLOYED,WIDOWED,2,2,OWN,AGENT,1,1,1,0,1,0
517426140654,JORGE,GONZALEZ,-199324800000,61,DOCTORATE,SELF_EMPLOYED,SINGLE,1,1,OWN,AGENT,1,1,0,1,0,1
395364501219,KAYON,MCINTOSH,176515200000,50,MASTER,UNEMPLOYED,DIVORCED,3,4,MORTGAGE,AGENT,0,1,0,0,1,1
384308281022,NEAOLA,SPENCER,-259200000000,63,ASSOCIATE,EMPLOYED,SINGLE,2,2,MORTGAGE,ADJUSTER,0,1,1,1,0,1
154606239809,WILLIAM,III,576892800000,37,DOCTORATE,EMPLOYED,MARRIED,1,1,MORTGAGE,AGENT,0,1,0,0,1,0
461423009817,HALEY,BROWN,478483200000,40,DOCTORATE,RETIRED,MARRIED,3,3,OWN,AGENT,0,1,1,1,0,0
645397022740,WILLIAM,SHAW,-121392000000,59,ASSOCIATE,STUDENT,SINGLE,3,3,OWN,ADJUSTER,0,1,1,1,1,1
284347343292,ALEXANDER,WATSON,449452800000,41,HIGH_SCHOOL,RETIRED,WIDOWED,0,1,MORTGAGE,AGENT,0,0,0,1,0,0
566834665921,LINA,MIRAZO,569030400000,37,BACHELOR,SELF_EMPLOYED,SINGLE,3,3,OTHER,AGENT,1,1,0,1,1,0
143267153346,ALFRED,RODRIGUEZ,-117936000000,59,HIGH_SCHOOL,EMPLOYED,MARRIED,1,2,OTHER,AGENT,1,0,1,0,1,1
493464971359,KENNETH,HINOJOSA,-325036800000,65,MASTER,UNEMPLOYED,WIDOWED,2,3,MORTGAGE,AGENT,1,1,0,1,1,0
853763778644,TRAVIS,GOMEZ,877132800000,27,BACHELOR,SELF_EMPLOYED,DIVORCED,0,1,RENT,AGENT,1,1,1,1,1,1
802786577378,ADRIAN,BERNAL,266630400000,47,ASSOCIATE,STUDENT,DIVORCED,2,2,MORTGAGE,AGENT,0,0,0,0,0,0
874641968252,JAMES,JR,109209600000,52,ASSOCIATE,UNEMPLOYED,SINGLE,3,4,OTHER,AGENT,1,1,1,0,1,1
305861262729,XENIA,CANO,-11491200000,55,MASTER,STUDENT,SINGLE,3,3,MORTGAGE,AGENT,1,1,0,0,0,0
654287355722,RAYMOND,DENICK,130118400000,51,MASTER,UNEMPLOYED,SINGLE,2,2,MORTGAGE,AGENT,0,1,0,0,0,1
907246659960,DEDRA,WHITE,649728000000,35,MASTER,STUDENT,WIDOWED,2,3,OWN,AGENT,0,1,1,0,1,1
221822419647,JOSHUA,CLINTON,873936000000,27,ASSOCIATE,STUDENT,SINGLE,1,1,RENT,AGENT,1,0,0,0,1,0
69999313887,KIMBERLY,LOZANO,372470400000,43,ASSOCIATE,SELF_EMPLOYED,SINGLE,0,1,RENT,AGENT,1,1,0,1,1,0
872142943791,BRUCE,CALLANDER,540864000000,38,DOCTORATE,STUDENT,WIDOWED,2,3,OWN,AGENT,1,0,1,1,0,0
342162249855,KELSEY,TAYLOR,583286400000,37,DOCTORATE,SELF_EMPLOYED,WIDOWED,1,1,OTHER,AGENT,1,0,0,1,1,1
867432443743,ASHLEY,BANGLE,251769600000,47,DOCTORATE,EMPLOYED,SINGLE,0,1,RENT,AGENT,0,0,1,0,1,0
512815337140,LINDA,GONZALEZ,163814400000,50,ASSOCIATE,UNEMPLOYED,MARRIED,1,1,OWN,AGENT,0,0,1,0,0,0
292688295644,KRYSTAL,HENRIQUEZ,35337600000,54,ASSOCIATE,EMPLOYED,DIVORCED,1,2,OTHER,AGENT,0,0,1,0,0,1
839882057924,HOWARD,UECKERT,877132800000,27,HIGH_SCHOOL,EMPLOYED,DIVORCED,0,1,RENT,AGENT,1,0,0,1,0,0
320384165658,JOETTA,STEPHENS,958435200000,25,BACHELOR,EMPLOYED,WIDOWED,0,0,OWN,AGENT,1,1,1,1,1,1
330080252355,KEUNDRA,GIBSON,746409600000,31,DOCTORATE,UNEMPLOYED,WIDOWED,3,3,OTHER,AGENT,1,0,1,1,1,0
645127730797,DONESHIA,WEAVER,302140800000,46,DOCTORATE,STUDENT,SINGLE,0,1,MORTGAGE,ADJUSTER,1,1,1,1,0,1
620905210103,TODD,MARKER,323136000000,45,MASTER,SELF_EMPLOYED,WIDOWED,3,4,OTHER,AGENT,1,0,0,1,1,0
128423665366,ESTELA,PORTILLO,450835200000,41,ASSOCIATE,SELF_EMPLOYED,WIDOWED,0,1,OTHER,AGENT,1,1,0,1,0,0
627801410714,ANDREW,WORTMAN,-246153600000,63,HIGH_SCHOOL,EMPLOYED,SINGLE,2,3,MORTGAGE,ADJUSTER,1,1,1,0,0,0
457393339692,ALONDRA,MENDOZA,-356486400000,66,BACHELOR,STUDENT,SINGLE,3,3,RENT,AGENT,0,0,0,0,1,0
638587215061,JACQUELINE,FALLON,444441600000,41,HIGH_SCHOOL,SELF_EMPLOYED,WIDOWED,2,2,OTHER,ADJUSTER,1,1,1,1,1,0
240313652352,KERRY,FREEMAN,550627200000,38,BACHELOR,SELF_EMPLOYED,MARRIED,3,4,OTHER,ADJUSTER,1,0,0,1,0,1
252805318341,VERIDA,TAPLIN,298944000000,46,DOCTORATE,STUDENT,MARRIED,1,2,OTHER,AGENT,1,0,0,1,0,1
950935273256,ALEXIS,CAHALIN,670982400000,34,HIGH_SCHOOL,RETIRED,MARRIED,1,1,OWN,AGENT,1,0,1,1,1,1
223582376207,SIRI,SPRADLING,742262400000,32,BACHELOR,EMPLOYED,SINGLE,2,3,MORTGAGE,AGENT,1,0,1,0,0,0
498876753876,DIANA,MARTINEZ,772848000000,31,MASTER,RETIRED,MARRIED,2,3,OWN,AGENT,1,1,1,1,1,1
881358987048,JORY,POLK,-190166400000,61,BACHELOR,SELF_EMPLOYED,WIDOWED,2,2,MORTGAGE,AGENT,0,0,0,0,1,1
918667505027,MATHIAS,DOE,485568000000,40,HIGH_SCHOOL,SELF_EMPLOYED,DIVORCED,1,2,OWN,AGENT,1,0,1,1,1,0
182095806307,MATTHEW,GALANTE,-195004800000,61,HIGH_SCHOOL,SELF_EMPLOYED,DIVORCED,0,0,OTHER,AGENT,1,0,0,0,0,1
968884279404,SHAWN,BAITMAN,599184000000,36,BACHELOR,STUDENT,DIVORCED,1,2,OTHER,AGENT,0,0,0,0,1,1
861047432272,SPENCER,HEATON,-18662400000,56,ASSOCIATE,RETIRED,WIDOWED,0,1,OWN,AGENT,1,1,1,0,1,1
118315561789,SHADRACH,ROCHESTER,332899200000,45,BACHELOR,UNEMPLOYED,WIDOWED,3,3,MORTGAGE,AGENT,1,1,0,1,0,1
245024314831,KAMEISHA,BROWN,656985600000,34,ASSOCIATE,EMPLOYED,SINGLE,2,3,OWN,ADJUSTER,1,0,1,0,0,0
930954440352,ABOLGHASEM,BADIEE,362880000000,44,BACHELOR,STUDENT,SINGLE,0,0,OWN,AGENT,1,0,1,0,1,1
111957823962,JARED,TREJO,444009600000,41,MASTER,SELF_EMPLOYED,DIVORCED,0,1,RENT,ADJUSTER,1,0,0,0,0,0
155405125209,DIANE,SASSO,755136000000,31,MASTER,STUDENT,WIDOWED,1,2,RENT,AGENT,1,0,1,0,1,1
467417653100,KAISHA,HINSON,-369014400000,67,DOCTORATE,RETIRED,DIVORCED,2,2,OTHER,AGENT,1,0,0,0,1,1
435459392229,WILLIAM,STALLONES,-216691200000,62,MASTER,STUDENT,WIDOWED,1,1,RENT,AGENT,1,0,1,1,0,1
885998941698,JAMIRA,WILLIAMS,745891200000,31,DOCTORATE,SELF_EMPLOYED,WIDOWED,1,1,OWN,AGENT,1,1,0,1,1,0
812844393028,ADEYEMI,ADEFEMI,948499200000,25,DOCTORATE,UNEMPLOYED,SINGLE,1,1,OTHER,ADJUSTER,0,1,1,1,1,1
242238026036,PHILIP,SANTUCCI,-432000000,55,BACHELOR,EMPLOYED,DIVORCED,2,3,RENT,AGENT,0,0,0,0,1,0
878088660050,BENJAMIN,MILLER,260841600000,47,DOCTORATE,SELF_EMPLOYED,WIDOWED,2,3,MORTGAGE,AGENT,1,0,1,1,1,1
701859216517,ROBERT,ESPOSITO,672710400000,34,MASTER,RETIRED,DIVORCED,0,0,OWN,AGENT,1,0,1,1,1,1
867269354285,BARBARA,RUSSELL,449971200000,41,DOCTORATE,EMPLOYED,SINGLE,1,2,RENT,ADJUSTER,0,1,1,1,1,0
467645346157,RICHARD,DAVID,-243302400000,63,MASTER,STUDENT,MARRIED,2,2,MORTGAGE,ADJUSTER,0,1,1,0,0,0
875099607417,DAVID,DOTSON,-364176000000,67,DOCTORATE,SELF_EMPLOYED,SINGLE,0,0,MORTGAGE,ADJUSTER,0,0,1,1,0,0
613406829982,TIMOTHY,HARTSOCK,9158400000,55,DOCTORATE,EMPLOYED,MARRIED,3,3,MORTGAGE,AGENT,0,1,1,0,0,0
467411304879,KRYSTAL,JONES,654825600000,34,HIGH_SCHOOL,UNEMPLOYED,DIVORCED,2,2,MORTGAGE,AGENT,0,0,0,0,0,1
720788924062,JEVARYON,SR,638064000000,35,ASSOCIATE,RETIRED,WIDOWED,2,2,OTHER,AGENT,0,0,0,0,0,1
976704270611,JAMES,RINAUDO,228182400000,48,DOCTORATE,RETIRED,SINGLE,3,4,OTHER,ADJUSTER,1,1,0,1,0,1
492558963972,BRUCE,EVERETT,-314409600000,65,HIGH_SCHOOL,EMPLOYED,MARRIED,3,4,OTHER,ADJUSTER,1,0,1,0,1,0
165388251922,ALEXA,SHOEMAKER,970185600000,24,DOCTORATE,RETIRED,DIVORCED,2,2,OTHER,AGENT,0,0,1,1,1,1
667715554297,QIAN,HONG,43027200000,54,HIGH_SCHOOL,RETIRED,MARRIED,3,4,OTHER,AGENT,0,0,0,0,0,1
230446449805,GARY,DUDLEY,752198400000,31,BACHELOR,STUDENT,SINGLE,2,2,MORTGAGE,AGENT,0,1,1,0,0,0
860273045816,ALEXANDER,DEANDRADE,25228800000,54,MASTER,STUDENT,DIVORCED,0,0,MORTGAGE,ADJUSTER,0,0,1,0,0,1
861090389392,RAYMOND,JR,942019200000,25,HIGH_SCHOOL,EMPLOYED,WIDOWED,0,1,OTHER,AGENT,0,1,0,0,0,1
643026887688,ROBERT,JR,-249609600000,63,BACHELOR,EMPLOYED,MARRIED,3,4,OTHER,ADJUSTER,0,1,0,1,0,0
746123349950,RUSSELL,WEBER,486777600000,40,MASTER,SELF_EMPLOYED,MARRIED,3,4,OTHER,AGENT,0,1,0,1,0,1
217953201856,IDRIS,LAWAL,791683200000,30,HIGH_SCHOOL,RETIRED,MARRIED,0,0,OWN,ADJUSTER,1,1,1,0,0,0
634885737333,ROSA,CASTRO,343785600000,44,DOCTORATE,UNEMPLOYED,SINGLE,1,2,MORTGAGE,AGENT,1,1,0,0,0,1
256058986384,JOH'NESHIA,MOORE,157420800000,50,ASSOCIATE,RETIRED,SINGLE,1,2,OWN,ADJUSTER,0,0,1,0,0,0
973436912784,HAMEET,SETHI,396748800000,43,HIGH_SCHOOL,STUDENT,WIDOWED,0,1,OTHER,AGENT,1,0,1,1,1,1
822578049961,JESSICA,GILES,570844800000,37,ASSOCIATE,SELF_EMPLOYED,MARRIED,3,4,RENT,ADJUSTER,1,0,0,0,1,0
368608041242,KIMBERLY,BARNETT,-112665600000,59,HIGH_SCHOOL,RETIRED,DIVORCED,2,2,OTHER,AGENT,1,1,0,1,1,0
909045343894,MATHEW,PALAZZO,832896000000,29,HIGH_SCHOOL,UNEMPLOYED,SINGLE,3,3,MORTGAGE,AGENT,1,1,0,1,1,1
782991009474,SANDRA,REISZ,695001600000,33,BACHELOR,UNEMPLOYED,WIDOWED,1,1,MORTGAGE,AGENT,1,0,1,0,0,1
526072446351,CYNTHIA,BUGGS,260236800000,47,ASSOCIATE,SELF_EMPLOYED,DIVORCED,1,1,OTHER,AGENT,0,0,1,0,1,1
546801388677,CHIAGOZIE,NWASURUBA,-135388800000,59,ASSOCIATE,RETIRED,WIDOWED,0,1,OWN,AGENT,0,0,0,0,0,0
663801529551,MARK,CLAYTON,534902400000,38,ASSOCIATE,UNEMPLOYED,SINGLE,0,1,OWN,ADJUSTER,0,0,0,0,1,1
239938076685,SONIA,ENDERBY,963360000000,25,DOCTORATE,EMPLOYED,DIVORCED,1,1,OTHER,AGENT,1,1,0,1,1,1
427770568200,MORENA,PALACIOS,-31017600000,56,DOCTORATE,UNEMPLOYED,WIDOWED,2,2,MORTGAGE,AGENT,1,0,1,1,0,0
90169601361,NICHOLAS,BUDOR,947289600000,25,MASTER,EMPLOYED,MARRIED,3,4,MORTGAGE,AGENT,0,1,0,1,0,0
685285668483,SIERRAH,CROW,488505600000,40,MASTER,RETIRED,DIVORCED,1,1,MORTGAGE,AGENT,0,1,0,0,0,0
162913017708,BUKOLA,OLUWAFEMI,615254400000,36,ASSOCIATE,UNEMPLOYED,DIVORCED,0,0,OWN,ADJUSTER,0,1,1,0,1,0
560509333931,ISRAEL,RAMIREZ,-233020800000,63,BACHELOR,RETIRED,SINGLE,3,4,RENT,AGENT,0,1,0,1,0,1
811335535539,HUNDLEY,BATTS,123465600000,51,MASTER,SELF_EMPLOYED,DIVORCED,3,3,RENT,AGENT,0,1,1,1,0,1
592648834293,MATTHEW,SCHWISTER,539827200000,38,DOCTORATE,SELF_EMPLOYED,MARRIED,1,1,RENT,AGENT,0,0,1,0,1,1
103891469731,ANTHONY,PRESTON,-65491200000,57,MASTER,EMPLOYED,SINGLE,1,1,OWN,ADJUSTER,1,1,1,1,0,1
739580084984,RENEE,YELLOWHORSE,-28252800000,56,ASSOCIATE,STUDENT,MARRIED,1,1,OTHER,AGENT,1,0,1,0,0,0
33812589826,ELVIRA,ARCHULETA,840153600000,29,BACHELOR,EMPLOYED,WIDOWED,2,3,OWN,AGENT,0,1,0,1,1,0
133608352714,TANIA,AREVALO,-169084800000,60,ASSOCIATE,EMPLOYED,MARRIED,3,4,MORTGAGE,AGENT,1,1,1,0,0,0
848495775053,ROBERT,HERRMANN,542851200000,38,BACHELOR,SELF_EMPLOYED,SINGLE,1,2,MORTGAGE,AGENT,0,0,0,1,1,1
810147054199,ADAM,MIGLIORE,-271728000000,64,DOCTORATE,UNEMPLOYED,DIVORCED,2,3,RENT,ADJUSTER,0,0,0,0,1,1
335203017370,YOLANDA,HERNANDEZ,547862400000,38,MASTER,RETIRED,WIDOWED,1,1,MORTGAGE,AGENT,0,0,0,0,0,1
986231846073,VALENCIA,THOMPKINS,-93312000000,58,DOCTORATE,UNEMPLOYED,WIDOWED,3,3,RENT,ADJUSTER,0,1,0,0,0,0
72078778175,MELISSA,HARDISON,682214400000,34,ASSOCIATE,SELF_EMPLOYED,MARRIED,3,4,MORTGAGE,ADJUSTER,0,0,1,0,1,1
809964947103,KENNETH,FRAZIER,237600000000,48,ASSOCIATE,UNEMPLOYED,SINGLE,3,3,RENT,AGENT,1,1,1,0,1,0
889988360288,THOMAS,HUSTON,408412800000,42,BACHELOR,SELF_EMPLOYED,SINGLE,1,1,RENT,AGENT,1,1,1,0,0,1
220153417743,ALEXANDER,BENNETT,-135475200000,59,BACHELOR,EMPLOYED,MARRIED,2,2,OWN,ADJUSTER,0,1,0,1,1,0
346969575084,DAVID,ROSENBAUER,155865600000,50,MASTER,EMPLOYED,DIVORCED,0,1,RENT,AGENT,1,0,0,1,1,0
401321533079,PIERCE,BAKER,186105600000,49,MASTER,RETIRED,WIDOWED,0,0,RENT,AGENT,0,1,0,1,0,0
848934776326,SETH,CLABORN,932256000000,26,ASSOCIATE,STUDENT,MARRIED,2,3,MORTGAGE,AGENT,0,0,1,1,1,0
455055284745,CHRISTOPHER,MARTINEZ,-8294400000,55,BACHELOR,SELF_EMPLOYED,WIDOWED,2,3,OTHER,AGENT,0,1,1,1,0,1
709653672795,JOSEPH,VALENTI,140313600000,51,BACHELOR,UNEMPLOYED,DIVORCED,0,1,OWN,AGENT,0,0,0,1,0,1
904053733955,SPENCER,STONE,186537600000,49,ASSOCIATE,RETIRED,SINGLE,1,2,RENT,AGENT,0,0,0,0,0,1
514726387342,JASON,BRASWELL,-373593600000,67,MASTER,UNEMPLOYED,MARRIED,1,2,OWN,AGENT,1,0,0,0,1,1
914531091491,JAMAAL,WILSON,503020800000,39,DOCTORATE,RETIRED,SINGLE,3,4,OWN,AGENT,0,0,0,0,1,1
886850798777,KRISTI,SEBERA,938736000000,25,BACHELOR,STUDENT,WIDOWED,0,0,RENT,AGENT,1,1,1,0,0,1
702999133855,STEPHANE,HIGGINS,549504000000,38,HIGH_SCHOOL,STUDENT,WIDOWED,0,0,OWN,AGENT,0,0,0,1,1,1
945052182449,IVORY,BUCHANAN,461462400000,41,MASTER,STUDENT,SINGLE,2,3,MORTGAGE,ADJUSTER,1,1,1,1,0,1
333373171574,CHRISTOPHER,TINDER,340070400000,44,MASTER,EMPLOYED,SINGLE,0,1,RENT,AGENT,1,1,1,0,1,1
465648021246,TINA,FORMBY,-163382400000,60,ASSOCIATE,SELF_EMPLOYED,WIDOWED,3,4,MORTGAGE,AGENT,0,0,1,1,1,0
866432790236,BROOKE,LYNCH,400809600000,42,MASTER,STUDENT,DIVORCED,2,2,OTHER,ADJUSTER,0,1,0,0,0,0
866186305158,ANDREAS,GRAF,775872000000,31,ASSOCIATE,STUDENT,SINGLE,2,2,RENT,AGENT,0,0,0,1,0,0
100049611129,MATTHEW,AVELLINO,-322963200000,65,MASTER,EMPLOYED,SINGLE,1,1,MORTGAGE,AGENT,0,0,1,0,1,0
636057173927,PARKER,HARVEY,548553600000,38,ASSOCIATE,STUDENT,WIDOWED,1,1,OWN,AGENT,1,0,1,0,1,1
131240965183,KEMBRA,JONES,-269568000000,64,DOCTORATE,UNEMPLOYED,WIDOWED,1,1,RENT,AGENT,1,0,0,1,0,1
401014666922,ANGELINA,CANO,45792000000,54,BACHELOR,RETIRED,MARRIED,3,4,OWN,AGENT,1,0,1,1,0,0
938616200282,VINH,THAI,236822400000,48,MASTER,SELF_EMPLOYED,MARRIED,1,1,RENT,AGENT,1,1,0,1,1,1
106046533333,ERIN,KWON,-241660800000,63,ASSOCIATE,UNEMPLOYED,SINGLE,2,3,OTHER,AGENT,1,0,0,0,0,0
842254346457,SERONNA,JOHNSON,957484800000,25,BACHELOR,SELF_EMPLOYED,SINGLE,1,2,RENT,AGENT,0,1,0,1,0,0
495579477961,CAROL,HEALEY,-183859200000,61,HIGH_SCHOOL,RETIRED,MARRIED,2,3,OWN,AGENT,1,0,1,1,0,0
626028949691,NELSON,RAYNOR,348019200000,44,ASSOCIATE,STUDENT,SINGLE,0,1,OWN,AGENT,0,1,0,1,0,0
608438358723,MARIA,BATARSE,-8121600000,55,BACHELOR,RETIRED,DIVORCED,2,3,OWN,AGENT,1,1,0,1,1,1
907010120319,ZACHERY,SMITH,817171200000,29,ASSOCIATE,UNEMPLOYED,WIDOWED,3,4,MORTGAGE,ADJUSTER,0,0,1,0,1,0
971811672226,BRITTNEY,VARELA,-91324800000,58,ASSOCIATE,SELF_EMPLOYED,SINGLE,0,0,MORTGAGE,ADJUSTER,1,0,1,0,1,0
771893279386,SYED,ALI,-337132800000,66,MASTER,EMPLOYED,MARRIED,3,3,OTHER,AGENT,1,0,1,0,1,1
159099396349,JOSHUA,MARLATT,660960000000,34,MASTER,UNEMPLOYED,SINGLE,0,0,OWN,AGENT,1,0,1,0,0,1
328115686700,SHAHAD,SHERIF,413942400000,42,DOCTORATE,UNEMPLOYED,SINGLE,2,2,OTHER,AGENT,0,1,0,0,1,1
225975892745,JOSHUA,GILLIAM,865555200000,28,BACHELOR,EMPLOYED,WIDOWED,0,0,OWN,AGENT,1,0,0,1,1,1
398419243884,MCKENNA,MORAN,-203990400000,62,DOCTORATE,SELF_EMPLOYED,WIDOWED,1,2,OWN,AGENT,1,0,1,1,1,0
737153440008,TAVIS,MOONAN,644457600000,35,HIGH_SCHOOL,EMPLOYED,MARRIED,0,0,OTHER,AGENT,0,1,0,1,0,1
662404612663,RIZWAN,AHMED,718848000000,32,HIGH_SCHOOL,SELF_EMPLOYED,SINGLE,0,1,MORTGAGE,AGENT,0,0,1,1,1,0
305872159498,JOSHUA,GROVES,856483200000,28,DOCTORATE,STUDENT,WIDOWED,0,0,MORTGAGE,AGENT,0,1,1,1,0,0
972540918896,KYLA,COLEMAN,784944000000,30,BACHELOR,EMPLOYED,DIVORCED,2,3,OWN,AGENT,0,1,0,1,1,1
884216124901,MICHAEL,MCBRIDE,610416000000,36,ASSOCIATE,SELF_EMPLOYED,WIDOWED,1,1,OTHER,AGENT,0,0,1,0,0,1
227212625887,GREGORY,EISENMAN,189216000000,49,MASTER,STUDENT,DIVORCED,3,4,OWN,AGENT,0,0,0,1,1,1
72658732023,JAIME,RYAN,376617600000,43,MASTER,RETIRED,DIVORCED,1,2,OTHER,AGENT,0,0,0,0,1,0
290047827551,CLAUDE,USSERY,-313200000000,65,MASTER,EMPLOYED,MARRIED,1,2,OWN,AGENT,0,0,0,1,0,1
683414973508,MICHELLE,CUMMINGS,908496000000,26,DOCTORATE,SELF_EMPLOYED,MARRIED,0,1,RENT,AGENT,1,0,0,1,1,0
707904098330,CHRISTOPHER,WALKER,73094400000,53,BACHELOR,RETIRED,DIVORCED,2,2,OTHER,AGENT,0,0,0,1,1,0
59307940894,RYAN,TERWEDO,829699200000,29,HIGH_SCHOOL,RETIRED,SINGLE,1,2,OWN,AGENT,0,0,0,1,1,0
805142168554,KRIS,BUENO,451526400000,41,HIGH_SCHOOL,EMPLOYED,WIDOWED,2,2,RENT,AGENT,1,0,1,0,0,0
521389765864,GORDON,KNUTH,-88041600000,58,DOCTORATE,UNEMPLOYED,SINGLE,0,1,OWN,AGENT,0,1,0,0,1,0
497733940455,DANNY,POLLARD,274492800000,46,DOCTORATE,EMPLOYED,SINGLE,0,0,OWN,ADJUSTER,1,0,0,0,1,1
233941439342,WALLACE,CUKIERSKI,502070400000,39,DOCTORATE,EMPLOYED,WIDOWED,2,2,OTHER,AGENT,1,0,0,0,1,1
201771835897,IRYNA,DOVBENKO,280972800000,46,HIGH_SCHOOL,STUDENT,SINGLE,2,3,RENT,AGENT,0,0,0,1,1,1
505152463258,GODOFREDO,JUAREZ-MUNOZ,62726400000,53,BACHELOR,STUDENT,WIDOWED,0,0,MORTGAGE,AGENT,0,0,1,1,1,1
105470341975,JAVIER,GONZALEZ,-362534400000,67,DOCTORATE,SELF_EMPLOYED,WIDOWED,3,3,RENT,AGENT,1,1,0,0,0,1
96063633350,LAURA,WHITE,856310400000,28,MASTER,EMPLOYED,MARRIED,0,1,OTHER,AGENT,0,0,1,0,0,0
539894260460,RAVEN,GINGERICH,166320000000,50,ASSOCIATE,EMPLOYED,DIVORCED,1,2,OWN,AGENT,0,0,0,0,0,0
296775370927,KYLIE,GOLDMAN,918518400000,26,MASTER,STUDENT,WIDOWED,1,2,OWN,ADJUSTER,0,1,1,1,1,1
187380532064,HAIRO,PENA,384566400000,43,BACHELOR,UNEMPLOYED,DIVORCED,1,2,RENT,AGENT,0,1,0,0,0,1
60294610712,NICHOLAS,HAND,709430400000,33,DOCTORATE,UNEMPLOYED,MARRIED,2,2,RENT,AGENT,1,1,0,0,1,0
520803281841,GENE,GARNER,339033600000,44,DOCTORATE,SELF_EMPLOYED,SINGLE,1,1,MORTGAGE,AGENT,0,0,0,0,0,0
698983774650,FRANCISCO,ROMERO,420854400000,42,HIGH_SCHOOL,STUDENT,MARRIED,1,1,OWN,AGENT,0,0,0,1,1,1
842246997510,PHILIP,SCHINDLER,716428800000,32,HIGH_SCHOOL,RETIRED,DIVORCED,1,2,OTHER,AGENT,0,1,1,0,0,1
445976650371,KRISS,YATES,-26611200000,56,HIGH_SCHOOL,RETIRED,MARRIED,3,4,OTHER,ADJUSTER,1,0,1,0,1,1
545973093975,GRETAL,SANDS,-345600000000,66,DOCTORATE,SELF_EMPLOYED,WIDOWED,1,1,OTHER,AGENT,1,1,0,0,0,1
265783926221,TAYLOR,NOECKER,266371200000,47,BACHELOR,RETIRED,DIVORCED,3,4,RENT,ADJUSTER,1,1,1,1,0,1
134899586049,MARQUISE,AKIS,769132800000,31,DOCTORATE,RETIRED,DIVORCED,0,1,OWN,AGENT,1,0,0,1,1,0
755308069047,TODD,MACHTLEY,537667200000,38,DOCTORATE,UNEMPLOYED,DIVORCED,2,3,OWN,ADJUSTER,1,1,0,0,1,1
674803156414,ALEX,HUYNH,252460800000,47,HIGH_SCHOOL,UNEMPLOYED,DIVORCED,1,2,RENT,ADJUSTER,1,1,1,0,0,0
289148744719,CLEMENCE,ISHIMWE,443491200000,41,HIGH_SCHOOL,UNEMPLOYED,WIDOWED,1,2,OWN,AGENT,0,0,1,0,0,0
651406326330,LOUIS,JR,646272000000,35,ASSOCIATE,SELF_EMPLOYED,WIDOWED,3,3,OWN,AGENT,0,1,0,1,0,0
101747205099,DAVID,MYHREN,19180800000,55,ASSOCIATE,STUDENT,WIDOWED,0,1,OTHER,AGENT,0,0,1,0,0,1
641663530960,DREW,HELMSTETTER,-95731200000,58,HIGH_SCHOOL,SELF_EMPLOYED,MARRIED,0,0,RENT,AGENT,1,0,1,1,1,0
936397170001,MARIAM,SALLAM,897696000000,27,DOCTORATE,RETIRED,WIDOWED,1,1,OTHER,AGENT,1,1,0,1,1,1
853959482658,LAURA,LEE,577324800000,37,BACHELOR,STUDENT,MARRIED,0,0,OWN,ADJUSTER,0,1,0,0,1,1
738359196086,LUCAS,NOXON,334886400000,45,DOCTORATE,STUDENT,MARRIED,0,0,OTHER,AGENT,0,1,1,0,0,0
120920314657,JEFFERY,HIGGINS,-287798400000,64,ASSOCIATE,STUDENT,MARRIED,2,2,OWN,AGENT,1,1,0,0,0,0
758163006722,ANN,MOVITZ,800928000000,30,MASTER,EMPLOYED,WIDOWED,3,4,MORTGAGE,AGENT,1,0,0,0,1,0
843585473762,THOMAS,NIX,295401600000,46,ASSOCIATE,UNEMPLOYED,WIDOWED,3,3,MORTGAGE,AGENT,0,0,1,1,0,1
528697286002,ANGELA,LAMB,791596800000,30,HIGH_SCHOOL,RETIRED,DIVORCED,1,1,OWN,AGENT,0,0,1,1,1,0
741463188757,KELLY,OAK,-332726400000,66,HIGH_SCHOOL,RETIRED,MARRIED,3,4,OWN,ADJUSTER,1,1,1,1,1,0
622711475923,HAYLEE,DIEHL,505008000000,39,DOCTORATE,RETIRED,WIDOWED,0,0,OWN,AGENT,0,0,1,1,1,1
383426717674,LIZETTE,MEJIA,855187200000,28,DOCTORATE,SELF_EMPLOYED,DIVORCED,0,0,OTHER,AGENT,1,0,0,0,0,1
125944726633,KATIE,BUCKSTEAD,-241488000000,63,MASTER,RETIRED,WIDOWED,3,4,RENT,AGENT,0,1,0,1,1,1
589193573684,THELMA,CRUZ,865814400000,28,DOCTORATE,RETIRED,WIDOWED,2,2,OWN,ADJUSTER,0,0,0,0,0,0
387573081113,CARLA,BOSKE,797040000000,30,DOCTORATE,UNEMPLOYED,MARRIED,1,1,RENT,AGENT,1,1,0,1,0,0
286343980042,TIFFANY,MURRAY,538704000000,38,DOCTORATE,EMPLOYED,MARRIED,1,1,OWN,AGENT,1,1,0,1,1,0
274289656216,LOUIS,VEGA,90460800000,52,DOCTORATE,SELF_EMPLOYED,DIVORCED,2,2,RENT,ADJUSTER,0,0,1,0,0,1
359142411621,CHELSEY,WIENER,-280540800000,64,DOCTORATE,SELF_EMPLOYED,DIVORCED,0,0,MORTGAGE,AGENT,1,1,0,1,0,1
677623213015,LISA,SIMS,652320000000,34,MASTER,EMPLOYED,DIVORCED,2,3,OWN,AGENT,0,0,1,0,1,1
855158503924,MYRA,CLEAVELAND,811209600000,29,BACHELOR,STUDENT,WIDOWED,0,0,OWN,ADJUSTER,0,1,1,1,0,0
422825743479,TRELANIE,MOSLEY,374198400000,43,ASSOCIATE,SELF_EMPLOYED,MARRIED,0,1,OTHER,AGENT,0,0,0,1,0,1
209189313347,JENNA,DUBUC,612057600000,36,DOCTORATE,UNEMPLOYED,SINGLE,1,1,OTHER,AGENT,1,0,0,1,0,0
136294911331,TREVOR,BEMBRY,963792000000,25,ASSOCIATE,STUDENT,DIVORCED,3,3,RENT,AGENT,1,0,0,0,1,0
393616105231,KARINA,REAGAN,361411200000,44,BACHELOR,STUDENT,MARRIED,2,2,OWN,ADJUSTER,1,0,0,1,0,1
647674378359,DARRIN,WEBER,-102384000000,58,ASSOCIATE,UNEMPLOYED,SINGLE,0,0,MORTGAGE,AGENT,1,0,1,1,1,1
363281755556,NICHOLAS,HOYOS,413942400000,42,BACHELOR,EMPLOYED,MARRIED,0,1,OTHER,AGENT,1,0,1,0,1,1
686694473474,JOSEPH,GILGUS,717465600000,32,BACHELOR,SELF_EMPLOYED,MARRIED,1,1,MORTGAGE,AGENT,1,1,0,1,1,1
873729450796,COLLIN,TAHERI,249264000000,47,BACHELOR,EMPLOYED,SINGLE,3,4,OWN,AGENT,0,0,0,0,1,1
683680864644,DENISE,GIFFROY-HOUSER,488160000000,40,MASTER,SELF_EMPLOYED,MARRIED,2,2,OTHER,AGENT,0,0,0,1,1,1
356844156124,NATALIE,FOUTS,306892800000,45,BACHELOR,SELF_EMPLOYED,DIVORCED,3,4,RENT,AGENT,1,0,1,1,1,0
387817482160,BRAD,PITTS,-36547200000,56,BACHELOR,SELF_EMPLOYED,SINGLE,0,0,OTHER,AGENT,1,1,1,1,1,1
58999060950,KENNETH,BURNETT,-234144000000,63,BACHELOR,RETIRED,DIVORCED,2,2,OTHER,AGENT,0,0,0,1,1,1
858524547137,AUDREY,CASAS,390096000000,43,ASSOCIATE,STUDENT,DIVORCED,1,2,MORTGAGE,AGENT,1,1,1,0,0,1
461299448396,DANIEL,MENSH,-19958400000,56,MASTER,UNEMPLOYED,DIVORCED,1,2,MORTGAGE,AGENT,0,1,1,1,1,1
630502908859,MANUEL,HERRANZ,686966400000,33,DOCTORATE,SELF_EMPLOYED,DIVORCED,2,3,OTHER,AGENT,1,0,1,0,0,1
821669184537,ALFRED,HUDSON,-288489600000,64,HIGH_SCHOOL,SELF_EMPLOYED,SINGLE,2,2,OTHER,AGENT,1,0,1,1,0,1
886098046985,TRACY,PARKER,752284800000,31,MASTER,SELF_EMPLOYED,WIDOWED,0,1,RENT,ADJUSTER,0,0,0,1,0,0
699199633541,ROBERT,HORSWELL,737164800000,32,BACHELOR,UNEMPLOYED,WIDOWED,2,3,OWN,AGENT,0,1,1,0,1,0
721814174127,ERIN,LITTLE,-50025600000,57,BACHELOR,RETIRED,DIVORCED,2,2,OTHER,ADJUSTER,1,1,0,1,1,1
762876484653,LUIS,LEON,-249264000000,63,HIGH_SCHOOL,UNEMPLOYED,WIDOWED,0,0,OWN,AGENT,1,1,0,0,1,1
45744827208,SAIDA,VOLPE,947030400000,25,DOCTORATE,STUDENT,MARRIED,1,1,RENT,AGENT,1,0,1,0,1,0
29720140212,ROBERT,KING,946771200000,25,BACHELOR,SELF_EMPLOYED,MARRIED,1,1,RENT,AGENT,0,1,0,0,1,0
784281085988,TAMARA,SEATON,-150336000000,60,BACHELOR,UNEMPLOYED,SINGLE,2,2,OTHER,AGENT,0,0,1,0,1,1
353848335444,CHIBUZO,AJOKU,631238400000,35,DOCTORATE,EMPLOYED,WIDOWED,1,2,MORTGAGE,ADJUSTER,0,0,1,1,1,0
612688953218,RICHARD,SOHN,679881600000,34,DOCTORATE,EMPLOYED,SINGLE,1,2,OWN,AGENT,1,0,0,0,0,0
394821219690,ERIC,GREENHOW,228268800000,48,DOCTORATE,STUDENT,MARRIED,0,1,OTHER,AGENT,0,1,1,0,0,0
793418977076,ALYCIA,MUSIC,403142400000,42,HIGH_SCHOOL,SELF_EMPLOYED,MARRIED,3,3,OWN,AGENT,1,1,0,1,1,0
254065436349,MONICA,FUSE,-267580800000,64,BACHELOR,EMPLOYED,MARRIED,0,1,OTHER,AGENT,0,1,0,0,0,1
30845238629,JESSICA,PERRUCHON,871171200000,28,ASSOCIATE,SELF_EMPLOYED,WIDOWED,0,1,OWN,ADJUSTER,1,0,1,0,0,1
800628074352,ESMERALDA,AGUILAR,485827200000,40,DOCTORATE,EMPLOYED,SINGLE,1,1,RENT,AGENT,0,1,0,1,1,1
616684392929,JEREMY,PRUSKY,-136425600000,59,ASSOCIATE,UNEMPLOYED,MARRIED,1,1,OTHER,AGENT,0,0,0,1,0,0
145238820523,KIRSTEN,BROWN,-97632000000,58,ASSOCIATE,EMPLOYED,MARRIED,3,4,OTHER,ADJUSTER,0,1,1,0,0,0
290386217527,JOANEL,ALINCY,18489600000,55,ASSOCIATE,RETIRED,WIDOWED,2,2,OWN,ADJUSTER,1,1,1,0,0,0
425104448893,MICHAEL,JONES,1555200000,55,DOCTORATE,RETIRED,MARRIED,2,2,MORTGAGE,AGENT,1,0,1,0,1,1
109689030949,JAMES,BUTTS,647308800000,35,HIGH_SCHOOL,UNEMPLOYED,SINGLE,3,3,OTHER,AGENT,1,0,0,1,1,1
332408359737,RYAN,BARTHOLOMEW,-182390400000,61,ASSOCIATE,STUDENT,DIVORCED,3,3,OTHER,AGENT,1,0,1,0,0,0
760633183059,HIEU,TRAN,677030400000,34,ASSOCIATE,RETIRED,DIVORCED,0,1,RENT,AGENT,0,1,1,0,0,0
332757735892,FRANCES,RIOS,899510400000,27,DOCTORATE,UNEMPLOYED,MARRIED,3,4,MORTGAGE,ADJUSTER,0,1,0,0,1,0
850846693662,ROBERTO,GUERRERO,963532800000,25,MASTER,RETIRED,SINGLE,2,2,MORTGAGE,AGENT,0,0,1,0,1,0
465634617267,ROBERT,CABRAL,405734400000,42,BACHELOR,SELF_EMPLOYED,WIDOWED,1,2,MORTGAGE,AGENT,1,1,0,1,1,0
210052277984,BEATRICE,NUNEZ,862790400000,28,BACHELOR,EMPLOYED,WIDOWED,0,0,MORTGAGE,AGENT,1,0,0,0,0,1
441087761360,JOSE,JR,821404800000,29,ASSOCIATE,RETIRED,WIDOWED,2,3,OTHER,AGENT,1,1,1,0,0,0
900310875384,PAUL,DICKENS,278208000000,46,HIGH_SCHOOL,SELF_EMPLOYED,WIDOWED,1,1,OTHER,AGENT,0,1,1,1,0,0
607519677520,JEFFREY,MARTIN,-339811200000,66,ASSOCIATE,UNEMPLOYED,WIDOWED,0,0,OWN,AGENT,0,0,0,0,1,1
946819515392,ALEXIA,VILLARREAL,838166400000,29,DOCTORATE,SELF_EMPLOYED,MARRIED,0,1,RENT,AGENT,1,0,1,1,1,1
58758427333,DENA,GARRISON,-269395200000,64,MASTER,STUDENT,DIVORCED,1,1,RENT,ADJUSTER,0,0,0,0,1,1
703515680214,RICHARD,II,-341452800000,66,MASTER,EMPLOYED,DIVORCED,0,0,MORTGAGE,AGENT,1,1,0,1,1,0
269203157618,PHILLIP,KENNEDY,83030400000,52,MASTER,RETIRED,MARRIED,0,1,OWN,AGENT,1,0,0,0,0,0
848087310362,EDWARD,KOPEC,744940800000,32,BACHELOR,RETIRED,WIDOWED,0,1,OWN,AGENT,0,0,0,1,1,0
809533264864,CHRISTOPHER,HAY-DIMAURO,974937600000,24,DOCTORATE,RETIRED,MARRIED,3,3,OTHER,ADJUSTER,1,1,0,1,0,0
7900636082,CHEYENNE,RUIZ,-312940800000,65,HIGH_SCHOOL,STUDENT,MARRIED,0,1,MORTGAGE,AGENT,0,1,1,0,0,1
285371624968,MELISSA,WALKER,-255484800000,63,HIGH_SCHOOL,RETIRED,MARRIED,0,0,MORTGAGE,ADJUSTER,1,0,0,0,0,1
206743371806,GREGORY,HANSON,-311990400000,65,MASTER,RETIRED,MARRIED,3,3,RENT,AGENT,0,1,1,1,0,1
682251805695,CATHRYN,SAPPINGTON,-167788800000,60,HIGH_SCHOOL,UNEMPLOYED,WIDOWED,3,3,OTHER,AGENT,1,1,1,0,1,1
678194014357,TROY,SHAW,61689600000,53,BACHELOR,RETIRED,DIVORCED,3,4,MORTGAGE,ADJUSTER,0,0,0,0,1,0
941124237346,BERSHEKA,WASHINGTON,405129600000,42,HIGH_SCHOOL,SELF_EMPLOYED,SINGLE,2,2,MORTGAGE,AGENT,0,0,1,0,1,1
87254344725,STEVEN,PATTERSON,658022400000,34,BACHELOR,RETIRED,WIDOWED,3,4,OWN,ADJUSTER,1,1,0,1,1,1
190581988281,BRENDA,CHITTY,525312000000,38,DOCTORATE,EMPLOYED,DIVORCED,0,0,OWN,ADJUSTER,0,0,1,0,1,1
852203156701,SHIVA,ADHIKARI,427593600000,42,HIGH_SCHOOL,STUDENT,WIDOWED,1,2,OTHER,AGENT,0,1,1,1,0,0
210257622633,CASSIDY,SZARNICKI,5529600000,55,BACHELOR,STUDENT,DIVORCED,0,1,OTHER,AGENT,1,0,1,1,0,0
928318484166,CALI,SOMERVILLE,-285984000000,64,HIGH_SCHOOL,SELF_EMPLOYED,SINGLE,2,2,OWN,AGENT,1,0,0,0,1,0
360790047294,EVELYNE,JONES,436752000000,41,ASSOCIATE,STUDENT,SINGLE,0,0,MORTGAGE,AGENT,0,0,0,1,1,1
336316117171,CHARLES,BUFFINGTON,-366336000000,67,BACHELOR,RETIRED,DIVORCED,0,1,OWN,AGENT,1,1,1,0,0,1
629038330416,KATIE,WESTERN,410486400000,42,ASSOCIATE,STUDENT,SINGLE,0,1,OTHER,ADJUSTER,1,1,0,1,0,0
589722759045,CHARLITA,MILLARD,-46051200000,57,HIGH_SCHOOL,RETIRED,SINGLE,3,4,RENT,AGENT,0,1,1,1,1,0
963267520748,PATRICIA,BROOKS,441504000000,41,BACHELOR,RETIRED,WIDOWED,1,2,RENT,AGENT,1,1,1,0,1,1
790137927300,SHANNA,GREY,917049600000,26,ASSOCIATE,UNEMPLOYED,SINGLE,3,4,OTHER,AGENT,1,1,1,1,0,0
990591247417,SOUMYASHREE,DASH,952041600000,25,BACHELOR,RETIRED,DIVORCED,0,0,MORTGAGE,AGENT,0,1,1,0,1,1
533392091873,AMELIA,GARCIA,157852800000,50,MASTER,EMPLOYED,WIDOWED,2,2,RENT,ADJUSTER,1,0,1,1,0,0
964775427976,REBECCA,ADAMEIT,1382400000,55,MASTER,SELF_EMPLOYED,SINGLE,3,3,MORTGAGE,AGENT,1,1,1,0,0,0
22933500367,CHARQUETTA,GREEN,-317692800000,65,MASTER,SELF_EMPLOYED,WIDOWED,3,4,RENT,AGENT,0,0,1,1,0,1
944359698115,CHRISTINE,MAYS,124070400000,51,BACHELOR,STUDENT,DIVORCED,3,4,OTHER,ADJUSTER,1,1,1,0,1,1
791710847142,NICOLE,PADILLA,483062400000,40,HIGH_SCHOOL,EMPLOYED,MARRIED,0,1,OWN,ADJUSTER,0,0,1,0,0,0
157237361091,EVAN,PEDEGO,601948800000,36,BACHELOR,STUDENT,MARRIED,1,2,OTHER,AGENT,0,1,1,1,0,1
127949544787,BRYAN,LANGENBERG,586915200000,37,DOCTORATE,RETIRED,MARRIED,1,2,OWN,AGENT,0,1,1,0,1,0
146528310954,ZULAIKA,SOTO,555811200000,38,ASSOCIATE,STUDENT,WIDOWED,3,4,RENT,AGENT,1,0,0,0,1,1
841080473699,TAELYER,GUEVARA,579052800000,37,HIGH_SCHOOL,UNEMPLOYED,DIVORCED,2,3,OTHER,AGENT,1,1,0,0,1,0
198925962278,LAUREN,FABRY,546825600000,38,MASTER,STUDENT,WIDOWED,1,1,OTHER,AGENT,0,0,1,0,1,0
687896571312,BOHART,SCHOMBURG,404956800000,42,HIGH_SCHOOL,STUDENT,WIDOWED,2,3,OWN,AGENT,1,0,1,1,0,1
180000768139,KENNETH,BRETCHES,-49852800000,57,DOCTORATE,UNEMPLOYED,DIVORCED,1,2,OWN,AGENT,1,1,0,1,1,1
583836036229,WILLIAM,MOCHEL,916704000000,26,DOCTORATE,SELF_EMPLOYED,WIDOWED,3,4,OTHER,AGENT,0,0,0,1,0,0
875163538579,MADISON,BROYLES,120873600000,51,MASTER,RETIRED,MARRIED,1,1,OWN,AGENT,1,0,1,1,1,1
371326801416,TIMOTHY,LUCAS,144115200000,51,DOCTORATE,EMPLOYED,DIVORCED,1,2,MORTGAGE,AGENT,0,0,1,1,1,1
617603764446,MONICA,CONTRERAS,50889600000,54,DOCTORATE,UNEMPLOYED,DIVORCED,2,2,OTHER,AGENT,0,1,0,1,0,1
762389416772,SHAUN,PAINE,536716800000,38,BACHELOR,UNEMPLOYED,MARRIED,3,3,RENT,ADJUSTER,0,0,0,0,1,1
712563358093,KIM,KNOX,791164800000,30,HIGH_SCHOOL,RETIRED,DIVORCED,3,4,OTHER,AGENT,1,1,1,0,1,0
70840670815,MINDY,LANGFORD,815875200000,29,DOCTORATE,STUDENT,WIDOWED,0,1,RENT,AGENT,1,1,0,1,1,1
153589389746,PHILIP,FERRARO,-85968000000,58,ASSOCIATE,STUDENT,DIVORCED,0,1,OTHER,ADJUSTER,1,1,0,0,1,0
589980740693,WILLIAM,BURKE,-250560000000,63,DOCTORATE,RETIRED,MARRIED,1,1,OWN,ADJUSTER,1,1,0,1,0,0
717644294055,JUAN,CEDILLO,-365558400000,67,BACHELOR,STUDENT,MARRIED,2,3,OTHER,AGENT,0,0,0,0,0,1
706427416532,LUIS,JR,169689600000,50,BACHELOR,SELF_EMPLOYED,SINGLE,1,1,OTHER,AGENT,0,0,0,1,0,1
403738950107,ANDREA,SERF,384307200000,43,HIGH_SCHOOL,RETIRED,DIVORCED,2,3,RENT,AGENT,0,0,0,0,0,1
721198823256,TAIJUN,YIN,-144028800000,60,ASSOCIATE,SELF_EMPLOYED,DIVORCED,1,1,OWN,AGENT,1,1,0,0,0,0
395977889778,JOSIE,BLANKENSHIP,478828800000,40,BACHELOR,EMPLOYED,WIDOWED,2,3,OWN,AGENT,1,0,1,0,0,0
668817735430,JANET,SILL,692150400000,33,DOCTORATE,EMPLOYED,DIVORCED,3,3,MORTGAGE,AGENT,1,0,1,1,1,1
183813752455,DAVID,RAMOS,481420800000,40,BACHELOR,STUDENT,WIDOWED,2,3,OWN,AGENT,0,0,0,0,0,0
16508318356,SAMUEL,KIELTY,-188956800000,61,BACHELOR,STUDENT,WIDOWED,2,2,OWN,AGENT,0,0,1,0,0,1
990896917397,GARY,COMBS,505612800000,39,ASSOCIATE,SELF_EMPLOYED,MARRIED,1,1,OTHER,ADJUSTER,0,1,0,1,1,1
861178766243,AMANDA,BRADLEY,33696000000,54,DOCTORATE,SELF_EMPLOYED,DIVORCED,0,0,OWN,AGENT,0,0,1,1,1,1
818597531425,JACOB,SZILAGY,675820800000,34,DOCTORATE,SELF_EMPLOYED,DIVORCED,2,2,MORTGAGE,ADJUSTER,0,0,1,0,0,0
140721466986,LAUREN,FIORE,901497600000,27,HIGH_SCHOOL,EMPLOYED,SINGLE,1,2,OWN,AGENT,0,0,1,1,0,0
612602063434,KRYSTAL,GONZALES,-315100800000,65,DOCTORATE,RETIRED,DIVORCED,0,1,MORTGAGE,AGENT,1,1,0,0,0,0
886462679179,JAMES,ALLEN,-176947200000,61,BACHELOR,RETIRED,DIVORCED,1,1,OWN,AGENT,0,0,1,0,1,1
201046186426,NGOC,PHUNG,361411200000,44,BACHELOR,RETIRED,DIVORCED,3,3,OWN,AGENT,0,0,0,0,1,0
324686726640,DOMENICA,CARRILLO,924998400000,26,BACHELOR,EMPLOYED,MARRIED,0,0,OWN,AGENT,1,1,0,1,1,1
412950765701,GIOVANNA,HERNANDEZ,600048000000,36,BACHELOR,RETIRED,MARRIED,3,4,OWN,AGENT,0,0,1,0,0,1
594452142015,TRISHA,BROWN,967161600000,24,ASSOCIATE,RETIRED,WIDOWED,2,2,MORTGAGE,ADJUSTER,1,0,0,0,1,1
149903918532,KENDRA,WALKER,22464000000,54,DOCTORATE,STUDENT,MARRIED,0,1,OTHER,ADJUSTER,1,0,0,0,1,1
628438182453,DANIEL,JR,709430400000,33,ASSOCIATE,UNEMPLOYED,DIVORCED,2,3,MORTGAGE,AGENT,0,0,0,0,1,1
281109083885,CHERYL,DANIELS,-144028800000,60,BACHELOR,SELF_EMPLOYED,SINGLE,1,2,MORTGAGE,AGENT,1,1,0,0,0,0
719553182573,REBECCA,MONTEVERDE,841795200000,28,BACHELOR,UNEMPLOYED,DIVORCED,3,4,OTHER,AGENT,0,1,0,1,0,0
228778151604,JAMES,TURCO,-154224000000,60,MASTER,RETIRED,WIDOWED,0,1,OWN,ADJUSTER,0,0,0,1,0,0
486544791192,JARED,ROTH,298252800000,46,DOCTORATE,RETIRED,DIVORCED,1,1,OTHER,AGENT,0,1,0,0,1,0
922142520241,KAYLA,PRADIA,855878400000,28,HIGH_SCHOOL,RETIRED,SINGLE,2,2,OTHER,ADJUSTER,0,1,1,0,1,0
437232617650,MICHELLE,ALLEN,-44582400000,57,ASSOCIATE,EMPLOYED,DIVORCED,0,0,OTHER,ADJUSTER,0,0,1,1,1,0
241660744108,TAYLOR,MATTHEWS,-249782400000,63,BACHELOR,EMPLOYED,SINGLE,2,2,OWN,AGENT,0,0,1,1,1,0
599360117707,JOSE,SILVA,263433600000,47,BACHELOR,EMPLOYED,SINGLE,0,1,RENT,AGENT,0,0,1,0,1,1
882036353758,JOHN,PETRAY,177465600000,50,HIGH_SCHOOL,UNEMPLOYED,MARRIED,2,3,OTHER,AGENT,1,1,0,0,0,1
643737904364,MARINA,CHILCO,-284342400000,64,MASTER,RETIRED,WIDOWED,1,2,OWN,AGENT,0,0,1,0,0,0
365082704634,DONALD,BYRD,-99446400000,58,HIGH_SCHOOL,STUDENT,MARRIED,2,3,MORTGAGE,AGENT,1,0,0,0,0,0
290431442702,ANDREW,GARRETT,-181612800000,61,DOCTORATE,SELF_EMPLOYED,WIDOWED,0,0,OTHER,AGENT,1,0,1,1,1,0
947352654192,HEIDI,FINLEY,600998400000,36,MASTER,SELF_EMPLOYED,WIDOWED,0,0,RENT,AGENT,0,0,1,0,0,1
148140176116,HAMID,ALLI,-4665600000,55,HIGH_SCHOOL,STUDENT,MARRIED,3,3,OTHER,AGENT,1,0,1,1,0,0
32856902065,REGINA,DANG,423964800000,42,MASTER,STUDENT,DIVORCED,0,1,OTHER,AGENT,0,0,1,1,0,0
951510277077,VALERIE,PARKER,625536000000,35,ASSOCIATE,RETIRED,MARRIED,0,1,RENT,AGENT,0,1,0,0,1,0
199730410385,RUTH,SLIVIAK,-266803200000,64,MASTER,UNEMPLOYED,MARRIED,1,2,MORTGAGE,AGENT,0,1,1,0,1,0
251687869048,KEVIN,DONATES,-242179200000,63,BACHELOR,STUDENT,WIDOWED,1,2,OTHER,AGENT,0,0,0,1,1,1
945908011195,ROBERT,MORAN,834278400000,29,ASSOCIATE,STUDENT,WIDOWED,1,2,RENT,AGENT,0,1,0,1,0,0
187199371320,BRANDON,COLLINS,80524800000,53,HIGH_SCHOOL,STUDENT,MARRIED,1,1,OWN,AGENT,0,1,1,0,1,0
254091746975,DIANA,BOWER,-127699200000,59,ASSOCIATE,UNEMPLOYED,DIVORCED,1,1,OTHER,ADJUSTER,0,1,0,0,0,0
252745254159,WILLIAM,JR,29635200000,54,ASSOCIATE,RETIRED,MARRIED,2,2,OTHER,AGENT,1,0,1,1,1,0
558628066334,JERIC,NETZ,271123200000,47,MASTER,EMPLOYED,DIVORCED,1,1,RENT,AGENT,1,1,1,0,0,0
209506603379,MATILDE,RODRIGUEZ,430876800000,41,BACHELOR,EMPLOYED,MARRIED,2,3,RENT,AGENT,1,0,0,1,0,1
916995982251,KRISTOPHER,PERUCCIO,-329270400000,66,ASSOCIATE,RETIRED,SINGLE,3,4,OTHER,AGENT,0,0,1,0,0,1
356628865346,VANESSA,TODD,856396800000,28,DOCTORATE,STUDENT,SINGLE,0,1,MORTGAGE,AGENT,1,1,1,0,0,0
969901595254,KAREN,STEVENS,548985600000,38,HIGH_SCHOOL,UNEMPLOYED,WIDOWED,0,1,MORTGAGE,AGENT,1,0,1,0,1,0
269028803586,JARED,BEYER,33609600000,54,DOCTORATE,SELF_EMPLOYED,DIVORCED,0,0,MORTGAGE,AGENT,0,0,0,1,1,1
650707010384,GENESSIS,ALVARADO-YUBI,281836800000,46,HIGH_SCHOOL,UNEMPLOYED,SINGLE,0,1,RENT,ADJUSTER,1,0,0,0,0,1
61498158469,MIESHIA,HOPKINS,210556800000,48,MASTER,SELF_EMPLOYED,DIVORCED,3,3,MORTGAGE,ADJUSTER,1,1,0,1,0,0
104966917016,TAMMY,LINDENMUTH,519782400000,39,BACHELOR,SELF_EMPLOYED,WIDOWED,1,2,OTHER,AGENT,1,1,1,1,0,0
36070260357,MARIA,LUVIANO,527990400000,38,BACHELOR,EMPLOYED,MARRIED,0,0,MORTGAGE,AGENT,0,0,0,1,0,0
204797980786,SHY,MARTIN,392428800000,43,MASTER,STUDENT,DIVORCED,0,1,OTHER,AGENT,1,1,1,1,1,1
241742596200,SHAWN,SULLIVAN,793756800000,30,ASSOCIATE,EMPLOYED,MARRIED,3,4,MORTGAGE,AGENT,1,0,0,1,1,1
156917106125,LANCE,BRENN,-46915200000,57,HIGH_SCHOOL,RETIRED,SINGLE,3,3,OTHER,ADJUSTER,1,1,0,0,1,0
785764345830,JOAN,TIDRICK,34560000000,54,HIGH_SCHOOL,EMPLOYED,DIVORCED,2,3,OWN,AGENT,1,0,1,1,0,1
182368125222,PAUL,I,65145600000,53,BACHELOR,RETIRED,MARRIED,2,2,OWN,AGENT,1,0,0,1,0,1
160692443628,NANCY,CRUZ,-256348800000,63,DOCTORATE,RETIRED,WIDOWED,2,2,MORTGAGE,AGENT,0,0,0,0,1,0
398519064398,BRANDY,WHITE,739411200000,32,ASSOCIATE,EMPLOYED,DIVORCED,0,0,OTHER,AGENT,1,1,0,0,0,1
982508621387,KRISTINE,GREER,754617600000,31,BACHELOR,RETIRED,WIDOWED,2,3,RENT,AGENT,0,0,0,1,1,0
301390721687,MICHAEL,ESTRADA,465004800000,40,HIGH_SCHOOL,EMPLOYED,MARRIED,3,4,OWN,AGENT,1,1,1,0,1,0
233264076084,SANTIAGO,VALDIVIA,-251424000000,63,ASSOCIATE,SELF_EMPLOYED,WIDOWED,0,0,OTHER,AGENT,0,0,1,0,0,1
192882700450,THERESA,CARDOZA,506736000000,39,MASTER,RETIRED,DIVORCED,3,4,RENT,AGENT,1,0,1,1,1,1
285721117342,NICK,GODFREY,901497600000,27,HIGH_SCHOOL,RETIRED,SINGLE,0,1,OTHER,AGENT,1,0,1,0,0,1
718589614001,ROBERT,DREXEL,836352000000,29,DOCTORATE,EMPLOYED,DIVORCED,0,1,RENT,AGENT,1,1,1,0,0,1
33748538893,TRAVIS,CREMEANS,864864000000,28,ASSOCIATE,EMPLOYED,SINGLE,1,1,MORTGAGE,AGENT,1,1,1,0,1,0
528530941654,JASON,THORNE,-284083200000,64,ASSOCIATE,UNEMPLOYED,SINGLE,0,0,MORTGAGE,AGENT,0,1,0,0,1,0
348423967610,ANTOINE,TOUSSAINT,584928000000,37,BACHELOR,STUDENT,MARRIED,3,3,OWN,AGENT,1,1,0,1,1,1
321551621209,ZACHARY,TARVER,123724800000,51,ASSOCIATE,STUDENT,WIDOWED,1,2,OWN,AGENT,1,0,0,0,0,1
804122948460,GILBERTO,GONZALEZ,375580800000,43,ASSOCIATE,STUDENT,SINGLE,1,1,MORTGAGE,AGENT,1,1,1,0,0,1
426491813067,YCNAN,RODRIGUEZ,670118400000,34,ASSOCIATE,SELF_EMPLOYED,DIVORCED,3,3,MORTGAGE,AGENT,0,1,1,0,0,0
389518939812,PRUDENCE,POWELL,-128476800000,59,MASTER,EMPLOYED,DIVORCED,3,4,OWN,ADJUSTER,0,0,1,1,1,1
42946411392,JOHN,DEVAE,361065600000,44,HIGH_SCHOOL,SELF_EMPLOYED,MARRIED,2,2,RENT,AGENT,1,0,0,0,0,0
577077783390,RAJESH,SINGH,942796800000,25,DOCTORATE,EMPLOYED,SINGLE,0,0,RENT,AGENT,1,0,1,0,1,0
84794430577,KIMBERLY,HOWELL,678499200000,34,ASSOCIATE,EMPLOYED,SINGLE,1,1,RENT,ADJUSTER,1,1,1,1,1,1
286531087207,STEPHEN,SMAJSTRLA,757987200000,31,ASSOCIATE,EMPLOYED,SINGLE,3,4,RENT,ADJUSTER,1,0,1,0,0,1
129940806638,SCOTT,SANFORD,496454400000,39,ASSOCIATE,RETIRED,WIDOWED,0,1,OTHER,AGENT,1,0,0,1,0,0
373901754780,YOHANA,GARCIA,897004800000,27,BACHELOR,UNEMPLOYED,SINGLE,2,2,OWN,AGENT,1,1,0,1,1,0
89556788683,GAIL,SIMON,662774400000,34,ASSOCIATE,EMPLOYED,MARRIED,3,3,OTHER,ADJUSTER,1,1,1,0,0,1
512683313680,NATHANIEL,SCHROEDER,-82684800000,58,ASSOCIATE,UNEMPLOYED,MARRIED,2,2,OTHER,AGENT,0,0,0,0,0,1
843226553495,REGINALD,BRIDGES,200016000000,49,MASTER,EMPLOYED,WIDOWED,3,3,MORTGAGE,AGENT,0,0,0,0,0,1
69744022606,RUSSELL,BAKER,757382400000,31,DOCTORATE,RETIRED,DIVORCED,2,2,OWN,ADJUSTER,1,1,1,0,1,1
697757021182,SAMUEL,BENSON,826070400000,29,MASTER,STUDENT,MARRIED,2,3,MORTGAGE,AGENT,1,1,1,1,1,0
856654117228,EDWARD,MCGRATH,131846400000,51,BACHELOR,UNEMPLOYED,WIDOWED,2,2,OWN,AGENT,1,0,1,0,1,1
113218643641,KARINA,GARCIA,837820800000,29,HIGH_SCHOOL,EMPLOYED,WIDOWED,0,1,OTHER,AGENT,1,1,0,0,1,1
666076237686,LUKE,GILBERT,95472000000,52,DOCTORATE,EMPLOYED,WIDOWED,2,2,RENT,AGENT,1,0,1,1,1,1
990255859478,ROHINI,KANTIPUDI,145324800000,51,HIGH_SCHOOL,EMPLOYED,MARRIED,2,2,OWN,AGENT,1,0,0,1,1,1
335291410808,LAURA,AMBRIZ,109900800000,52,BACHELOR,RETIRED,MARRIED,3,4,RENT,ADJUSTER,1,0,1,1,0,1
453015208134,KIRSTEN,STANBACK,-139017600000,60,BACHELOR,STUDENT,SINGLE,3,4,RENT,AGENT,0,0,0,0,1,0
91200861089,KIT,SANDERS,930441600000,26,BACHELOR,STUDENT,DIVORCED,1,2,OWN,ADJUSTER,1,0,0,0,0,0
756874825958,ERIKA,MABB,-341539200000,66,MASTER,EMPLOYED,WIDOWED,1,2,RENT,AGENT,1,0,1,0,1,0
899551058791,LISA,JOHNSON,336787200000,44,BACHELOR,STUDENT,MARRIED,1,2,MORTGAGE,ADJUSTER,1,0,1,0,1,1
200197571701,GIAVANNA,ZAMORA,557020800000,37,ASSOCIATE,UNEMPLOYED,SINGLE,1,2,MORTGAGE,AGENT,1,1,0,1,1,0
67820992093,SAILAJA,MUNAGALA,840499200000,28,MASTER,EMPLOYED,WIDOWED,2,3,MORTGAGE,AGENT,1,1,0,0,0,0
658970895763,DYLAN,SINGH,114307200000,52,HIGH_SCHOOL,SELF_EMPLOYED,SINGLE,0,1,OWN,AGENT,1,0,0,1,1,1
531848014719,GABOR,NAGY,392342400000,43,DOCTORATE,RETIRED,WIDOWED,0,0,RENT,AGENT,1,1,1,0,0,0
723056359135,YASMIRA,SANCHEZ,759888000000,31,BACHELOR,STUDENT,SINGLE,1,2,RENT,AGENT,1,0,0,1,1,1
705917194231,NORMA,MILAN,528249600000,38,DOCTORATE,SELF_EMPLOYED,WIDOWED,3,4,OWN,AGENT,0,1,0,0,1,1
190414370990,ADAM,REYNOLDS,919987200000,26,ASSOCIATE,SELF_EMPLOYED,DIVORCED,3,4,OTHER,AGENT,1,1,0,1,1,0
923928932878,RHONELI,MERILOS,742953600000,32,MASTER,RETIRED,MARRIED,2,2,MORTGAGE,AGENT,0,0,1,0,0,0
187644807799,KRYSTAL,SENNET,282787200000,46,BACHELOR,RETIRED,SINGLE,3,3,OWN,AGENT,0,0,0,1,0,1
478353660990,SCOTT,NORCROSS,377568000000,43,HIGH_SCHOOL,SELF_EMPLOYED,DIVORCED,3,4,OWN,AGENT,0,1,0,1,1,1
321596648648,WENDY,GREGG,833068800000,29,DOCTORATE,RETIRED,SINGLE,3,4,OTHER,AGENT,0,1,0,0,0,0
434398948237,ANNA,PATRICK,745632000000,31,ASSOCIATE,UNEMPLOYED,MARRIED,2,3,OWN,MANAGER,0,1,0,0,1,1
539675595326,REUBEN,COLLIER,800323200000,30,BACHELOR,SELF_EMPLOYED,SINGLE,1,1,RENT,AGENT,0,1,1,0,1,1
941108835065,WENDELL,CHERY,-19440000000,56,BACHELOR,UNEMPLOYED,WIDOWED,3,4,MORTGAGE,ADJUSTER,1,0,0,0,1,1
784491598651,BRANDON,KUBITZA,-35251200000,56,BACHELOR,UNEMPLOYED,MARRIED,1,1,MORTGAGE,AGENT,0,0,1,1,1,0
448928281613,KIMBERLY,STREFF,103420800000,52,ASSOCIATE,STUDENT,MARRIED,0,1,OTHER,AGENT,1,0,0,0,0,1
150814705871,CHRISTOPHER,HUCH,-8467200000,55,BACHELOR,STUDENT,MARRIED,2,3,OTHER,AGENT,0,0,0,0,0,0
269350959728,CODY,HENRY,14774400000,55,DOCTORATE,UNEMPLOYED,WIDOWED,0,0,MORTGAGE,AGENT,0,0,0,1,1,0
593848165329,PAUL,LANTIERI,749606400000,31,DOCTORATE,RETIRED,SINGLE,1,2,RENT,AGENT,0,1,1,1,1,1
596126591277,SARAH,SCHAEFER,156470400000,50,BACHELOR,SELF_EMPLOYED,WIDOWED,2,3,OTHER,ADJUSTER,0,0,1,0,1,0
812209130136,JORDAN,HARDIN,-145324800000,60,DOCTORATE,EMPLOYED,DIVORCED,0,1,OWN,ADJUSTER,1,0,0,1,0,0
560284568691,JOHN,EYSTER,910656000000,26,HIGH_SCHOOL,SELF_EMPLOYED,MARRIED,2,3,MORTGAGE,AGENT,1,0,0,1,1,1
530727078562,JANE,HUDSON,826502400000,29,HIGH_SCHOOL,RETIRED,WIDOWED,1,1,RENT,AGENT,1,0,0,1,0,1
435348730022,KRISTI,WOODBURY,218937600000,48,DOCTORATE,STUDENT,DIVORCED,3,4,OTHER,AGENT,1,0,1,0,0,0
218422898730,REBECCA,LIDEY-SENGAROUN,534816000000,38,ASSOCIATE,STUDENT,MARRIED,1,2,MORTGAGE,AGENT,0,1,0,1,1,0
819817208108,ALMA,RODRIGUEZ,448675200000,41,DOCTORATE,RETIRED,DIVORCED,0,0,MORTGAGE,AGENT,0,0,1,1,1,1
692291320722,VLADIMIR,HECHAVARRIA,613958400000,36,ASSOCIATE,EMPLOYED,SINGLE,1,2,OTHER,AGENT,1,0,1,0,1,0
198119319409,LOVERT,ASAAH,57715200000,53,MASTER,EMPLOYED,MARRIED,2,3,MORTGAGE,AGENT,0,1,1,0,0,1
968433753439,MARICELA,ACOSTA,356659200000,44,DOCTORATE,STUDENT,SINGLE,2,2,MORTGAGE,AGENT,1,0,1,1,0,1
730785915366,NATALIA,MONTANEZ,-301190400000,65,ASSOCIATE,EMPLOYED,WIDOWED,0,1,OWN,AGENT,1,1,1,0,1,1
241950366610,BRADLEY,BACAK,911520000000,26,HIGH_SCHOOL,RETIRED,WIDOWED,1,1,MORTGAGE,AGENT,0,0,0,0,0,0
653714973807,JENNIFER,HOFFMAN,481334400000,40,DOCTORATE,EMPLOYED,DIVORCED,3,3,RENT,AGENT,0,1,1,0,0,0
794874430187,RICHARD,DEAL,65318400000,53,MASTER,EMPLOYED,MARRIED,3,3,RENT,AGENT,0,1,0,1,1,0
308494110370,FABRIZIO,SEGULIN,968457600000,24,BACHELOR,RETIRED,WIDOWED,1,2,OTHER,AGENT,0,0,0,0,1,0
480444111471,JENNIFER,LEE,171331200000,50,DOCTORATE,RETIRED,SINGLE,3,4,RENT,AGENT,0,1,0,0,1,0
202674546728,BRANDON,MICHAELSEN,782006400000,30,DOCTORATE,EMPLOYED,MARRIED,0,0,OWN,AGENT,1,1,1,1,0,0
59464016572,DAVID,BALLARD,277862400000,46,HIGH_SCHOOL,UNEMPLOYED,DIVORCED,3,4,OWN,AGENT,1,0,1,0,1,1
895112064374,MAX,FERRERA,-339120000000,66,BACHELOR,STUDENT,SINGLE,1,2,OTHER,ADJUSTER,1,0,0,0,0,0
952414612530,MARCELLO,WILKINS,577929600000,37,BACHELOR,UNEMPLOYED,MARRIED,2,2,RENT,ADJUSTER,0,0,0,1,0,1
427163996992,TERESA,SHAFFER,469843200000,40,HIGH_SCHOOL,EMPLOYED,SINGLE,2,3,OTHER,AGENT,0,0,0,0,0,0
858239026803,JASON,WOELFEL,-88819200000,58,HIGH_SCHOOL,RETIRED,WIDOWED,2,2,OTHER,AGENT,1,0,0,0,1,0
811969994444,DOUGLAS,HAEUSSLER,381024000000,43,MASTER,UNEMPLOYED,DIVORCED,0,0,OTHER,AGENT,0,1,1,1,0,0
305167955631,TIMOTHY,WHALEY,137808000000,51,MASTER,RETIRED,WIDOWED,2,2,OTHER,AGENT,0,0,0,1,0,1
616656348047,JORGE,VILLALPANDO,573264000000,37,ASSOCIATE,UNEMPLOYED,MARRIED,2,2,OTHER,ADJUSTER,1,0,0,1,0,0
248957649985,JESSICA,MEREDITH,209952000000,48,BACHELOR,RETIRED,DIVORCED,1,2,RENT,AGENT,1,1,0,0,0,0
462113323004,JON,ERICKSON,404179200000,42,DOCTORATE,UNEMPLOYED,WIDOWED,0,0,RENT,AGENT,1,1,0,0,1,0
643423099403,ADAM,HAWXBY-DEFINO,836265600000,29,MASTER,SELF_EMPLOYED,MARRIED,0,0,MORTGAGE,ADJUSTER,0,1,1,1,1,0
575561100096,YOLANDA,JACKSON,-188697600000,61,HIGH_SCHOOL,SELF_EMPLOYED,DIVORCED,2,2,OWN,AGENT,1,1,1,1,0,0
629108778121,ANN,BROWN,131414400000,51,ASSOCIATE,EMPLOYED,SINGLE,0,1,RENT,ADJUSTER,0,0,0,0,1,0
183037458914,NICOLAS,HERRERA,747705600000,31,HIGH_SCHOOL,EMPLOYED,SINGLE,0,0,RENT,AGENT,1,1,1,0,0,0
272568023797,SHANNON,GRAHAM,-360028800000,67,ASSOCIATE,RETIRED,SINGLE,0,1,RENT,AGENT,0,1,0,0,0,1
5820717042,ERIC,HIGNOJOS,701913600000,33,BACHELOR,SELF_EMPLOYED,DIVORCED,1,2,OWN,AGENT,1,0,1,1,0,0
318266159541,JON,WEBB,584668800000,37,ASSOCIATE,RETIRED,WIDOWED,2,3,OTHER,AGENT,1,0,1,0,1,0
200748124508,ROBERT,NORTON,926467200000,26,ASSOCIATE,STUDENT,WIDOWED,1,2,OTHER,AGENT,1,0,0,0,0,0
150145572641,MARIYA,PINCAR,48816000000,54,ASSOCIATE,SELF_EMPLOYED,WIDOWED,1,1,RENT,ADJUSTER,1,0,0,0,1,0
14644169107,YESSICA,PRICE,-166838400000,60,MASTER,RETIRED,WIDOWED,3,3,RENT,AGENT,1,0,1,1,0,0
748794815940,SHAYE,HASELHORST,634089600000,35,DOCTORATE,STUDENT,SINGLE,0,1,MORTGAGE,AGENT,1,1,1,0,0,0
112804745626,JASON,SMITH,9244800000,55,HIGH_SCHOOL,STUDENT,SINGLE,2,2,OWN,ADJUSTER,0,0,1,0,1,0
453741803364,ESTHER,FANTONI,419731200000,42,BACHELOR,SELF_EMPLOYED,SINGLE,3,3,OTHER,AGENT,1,0,1,0,1,1
682686757277,EMIL,RODRIGUEZ,196041600000,49,MASTER,STUDENT,MARRIED,1,2,MORTGAGE,AGENT,1,1,0,1,0,0
497586320420,ZAKARIA,CHOWDHURY,315187200000,45,ASSOCIATE,SELF_EMPLOYED,SINGLE,3,4,MORTGAGE,AGENT,0,1,1,0,0,1
87706811997,JAMES,BARBER,13651200000,55,DOCTORATE,RETIRED,WIDOWED,1,2,OWN,AGENT,1,1,1,1,1,0
121413183198,JENNIFER,BRAZINSKI,937612800000,25,HIGH_SCHOOL,RETIRED,WIDOWED,0,0,MORTGAGE,AGENT,1,1,1,0,0,0
687732374443,BELDA,TORRES,-283478400000,64,BACHELOR,EMPLOYED,WIDOWED,0,1,RENT,AGENT,0,0,1,0,1,0
912767432517,PAMELA,HUGHES,473817600000,40,BACHELOR,EMPLOYED,SINGLE,1,2,OWN,AGENT,0,0,1,0,0,0
191552339699,DAVID,GLASS,-131241600000,59,HIGH_SCHOOL,RETIRED,SINGLE,1,1,MORTGAGE,AGENT,1,0,1,1,0,0
775535754819,JALASIA,THOMAS,884995200000,27,DOCTORATE,RETIRED,MARRIED,2,3,OTHER,AGENT,0,1,1,1,1,1
592951656939,JANET,FRESQUEZ,567129600000,37,MASTER,STUDENT,SINGLE,1,2,MORTGAGE,AGENT,0,1,0,1,0,0
16016946983,MICHELLE,WADDELL,647222400000,35,HIGH_SCHOOL,EMPLOYED,MARRIED,3,3,RENT,ADJUSTER,1,1,0,0,1,1
31635999158,STASH,VELLER,240364800000,48,DOCTORATE,UNEMPLOYED,MARRIED,3,3,OWN,AGENT,1,1,1,0,1,1
672436070528,KATRINA,WILLIAMS,895449600000,27,ASSOCIATE,SELF_EMPLOYED,MARRIED,3,4,OTHER,AGENT,0,0,0,1,1,1
641153318699,JIMMY,PEREZ,148608000000,50,DOCTORATE,EMPLOYED,SINGLE,2,2,RENT,AGENT,1,1,1,0,0,1
880755827543,CHARLES,KRAUT,89769600000,52,ASSOCIATE,RETIRED,DIVORCED,3,4,MORTGAGE,AGENT,1,1,1,1,0,1
932602355931,ESMERALDA,FLORES,-285897600000,64,HIGH_SCHOOL,SELF_EMPLOYED,WIDOWED,2,2,OTHER,AGENT,0,1,1,1,1,1
363904494667,KARI,LEWIS,-240624000000,63,ASSOCIATE,SELF_EMPLOYED,WIDOWED,0,0,RENT,ADJUSTER,0,1,1,1,0,0
833264167118,MICHAEL,PASALICH,663379200000,34,ASSOCIATE,UNEMPLOYED,WIDOWED,1,1,RENT,AGENT,1,1,0,1,1,0
934514687531,ASHLEY,HIGGINBOTHAM,-49766400000,57,BACHELOR,RETIRED,SINGLE,2,3,MORTGAGE,AGENT,1,1,0,0,1,0
816303954834,SHEILA,BRUMLEY,910051200000,26,MASTER,RETIRED,MARRIED,2,3,OWN,AGENT,0,0,0,0,1,0
143257418959,ERIN,KELLY,815011200000,29,HIGH_SCHOOL,SELF_EMPLOYED,WIDOWED,2,3,RENT,ADJUSTER,1,0,1,0,1,1
811771533460,JOSEPH,SALONGA,232588800000,48,DOCTORATE,RETIRED,SINGLE,0,1,OWN,ADJUSTER,1,0,0,1,0,1
571840720275,JULIETTE,EXANTUS,701654400000,33,BACHELOR,SELF_EMPLOYED,SINGLE,2,3,OWN,AGENT,0,0,0,0,0,1
42393329020,KIANOUSH,SEPANLOU,58752000000,53,ASSOCIATE,EMPLOYED,SINGLE,3,4,RENT,ADJUSTER,0,1,1,1,0,0
389518756057,NGOZI,NWOKENAKA,70502400000,53,ASSOCIATE,STUDENT,MARRIED,2,2,RENT,AGENT,1,0,0,1,1,0
904066426305,ASHTON,TOOKES,517017600000,39,ASSOCIATE,SELF_EMPLOYED,DIVORCED,2,2,RENT,ADJUSTER,1,0,1,0,0,1
211734004794,DYLAN,KIDD,784252800000,30,HIGH_SCHOOL,STUDENT,MARRIED,2,3,OTHER,AGENT,1,1,0,0,1,0
419197081329,SYDNEY,HENRY,335145600000,45,ASSOCIATE,STUDENT,DIVORCED,0,1,RENT,AGENT,0,1,0,1,1,0
542520453638,JODI,YAGER,-173577600000,61,ASSOCIATE,RETIRED,DIVORCED,3,3,OTHER,AGENT,1,1,1,1,1,0
643161015216,AARON,RUSTAD,35424000000,54,HIGH_SCHOOL,SELF_EMPLOYED,WIDOWED,3,3,RENT,AGENT,0,1,0,0,1,0
393301704393,JASON,LOWRANCE,22723200000,54,MASTER,UNEMPLOYED,DIVORCED,2,2,OTHER,AGENT,1,1,1,0,1,0
671734787908,MAX,WENSTRUP,93830400000,52,HIGH_SCHOOL,EMPLOYED,MARRIED,3,4,OWN,AGENT,0,1,1,1,1,0
481333557788,MAYA,DAGA,368150400000,43,DOCTORATE,SELF_EMPLOYED,MARRIED,1,1,OWN,ADJUSTER,0,1,0,1,1,0
345349711612,JOSHUA,BAGWELL,204768000000,49,HIGH_SCHOOL,UNEMPLOYED,SINGLE,0,1,MORTGAGE,AGENT,1,1,0,0,1,1
19043754675,BRYAN,CREMEANS,323308800000,45,HIGH_SCHOOL,SELF_EMPLOYED,MARRIED,1,1,OTHER,ADJUSTER,0,0,0,0,1,1
849371911570,RONNEY,PRACHYL,281404800000,46,ASSOCIATE,SELF_EMPLOYED,MARRIED,3,4,MORTGAGE,AGENT,0,1,0,0,1,1
314649914509,JAMES,ELLIOTT,672624000000,34,BACHELOR,STUDENT,SINGLE,0,0,OTHER,AGENT,1,1,0,1,0,0
33968004876,KENNETH,ZARTMAN,-86313600000,58,HIGH_SCHOOL,STUDENT,DIVORCED,0,1,OTHER,ADJUSTER,1,0,0,0,0,0
950919430348,MARISOL,NUNO,483753600000,40,MASTER,RETIRED,SINGLE,3,4,OWN,AGENT,0,1,1,1,0,0
597433048262,KIROS,HABTEMICHAEL,933638400000,26,MASTER,SELF_EMPLOYED,DIVORCED,1,1,OWN,ADJUSTER,1,0,1,1,1,1
379452341849,DAVID,SMITH,-327628800000,66,DOCTORATE,RETIRED,SINGLE,3,3,MORTGAGE,AGENT,1,0,0,1,0,1
98093096211,KRISTEN,GADBOIS,660960000000,34,ASSOCIATE,UNEMPLOYED,SINGLE,2,2,OWN,AGENT,0,1,1,1,1,0
482728964481,MICHAEL,GLOSTER,275011200000,46,DOCTORATE,UNEMPLOYED,MARRIED,1,1,OTHER,AGENT,1,1,1,0,1,0
705726833138,JEFFREY,BECK,-138672000000,60,MASTER,SELF_EMPLOYED,WIDOWED,0,0,OWN,AGENT,0,0,1,1,1,1
297371224976,ALICIA,ALBRO,802828800000,30,MASTER,EMPLOYED,DIVORCED,2,2,OTHER,AGENT,1,0,0,0,0,0
263240559116,ALEXANDER,HASKELL,690249600000,33,HIGH_SCHOOL,STUDENT,DIVORCED,0,0,OWN,AGENT,1,1,0,1,1,0
91336325679,ANDREA,LOPEZ,318988800000,45,BACHELOR,RETIRED,DIVORCED,0,0,OTHER,ADJUSTER,1,0,0,1,0,1
807719270971,GIOVANNI,GENNARDO,-176169600000,61,DOCTORATE,UNEMPLOYED,DIVORCED,3,3,RENT,AGENT,0,0,1,1,1,0
778049464261,LUKE,NIXON,837043200000,29,ASSOCIATE,RETIRED,MARRIED,0,1,OWN,AGENT,0,0,0,1,1,1
762992836793,BRIANNA,BARRETT,-130464000000,59,BACHELOR,RETIRED,SINGLE,0,1,OTHER,ADJUSTER,0,0,0,0,0,1
238624348519,JIMMIE,JR,476150400000,40,BACHELOR,RETIRED,WIDOWED,2,2,RENT,ADJUSTER,1,0,1,0,1,0
218932421782,CHRISTOPHER,KOORS,524102400000,39,MASTER,EMPLOYED,MARRIED,3,3,OTHER,AGENT,1,0,0,0,1,0
502820512212,REBECCA,NAVA,569462400000,37,MASTER,UNEMPLOYED,WIDOWED,0,0,RENT,AGENT,1,0,0,0,0,0
271058257385,MICHAEL,HRUSKA,869011200000,28,ASSOCIATE,RETIRED,SINGLE,3,4,MORTGAGE,ADJUSTER,1,1,1,0,0,0
289658741963,MELISSA,BORCHARDT,208137600000,49,ASSOCIATE,SELF_EMPLOYED,MARRIED,3,4,OTHER,AGENT,0,0,1,0,0,1
816048307379,MACIE,ALLSUP,225331200000,48,MASTER,UNEMPLOYED,SINGLE,1,2,OTHER,AGENT,1,1,0,0,0,1
531108913576,JULIUS,HUTCHINSON,436665600000,41,MASTER,EMPLOYED,SINGLE,3,3,OWN,AGENT,1,1,1,0,0,1
329133124209,AMY,SCOY,474076800000,40,BACHELOR,SELF_EMPLOYED,WIDOWED,3,4,MORTGAGE,ADJUSTER,1,1,1,1,1,0
244504352058,ANGELA,GILLEN,-18662400000,56,ASSOCIATE,EMPLOYED,DIVORCED,3,4,RENT,AGENT,1,0,1,1,1,0
326144812275,JANSON,CARR,165801600000,50,HIGH_SCHOOL,STUDENT,WIDOWED,0,1,OTHER,AGENT,1,0,1,0,0,1
933047764030,LOWENSKY,CORTORREAL,123897600000,51,ASSOCIATE,SELF_EMPLOYED,WIDOWED,3,3,OTHER,AGENT,1,0,1,0,1,1
403492306806,BARBARA,CHILDERS,587433600000,37,ASSOCIATE,STUDENT,DIVORCED,3,3,RENT,AGENT,1,1,1,1,1,1
778204092752,STEPHANIE,STIGANT,906508800000,26,ASSOCIATE,STUDENT,DIVORCED,0,1,RENT,AGENT,0,1,1,0,1,1
962854743932,RYAN,FLEMING,83116800000,52,BACHELOR,EMPLOYED,SINGLE,3,4,MORTGAGE,AGENT,0,0,0,1,1,1
540778613115,ESTHER,AVENT,965347200000,25,BACHELOR,UNEMPLOYED,DIVORCED,3,3,RENT,ADJUSTER,1,0,0,0,0,1
251798412816,JERRY,BARRY,-236131200000,63,DOCTORATE,RETIRED,DIVORCED,1,2,RENT,AGENT,0,1,1,0,0,0
690254689595,SHAKAYLA,RAINEY,643507200000,35,BACHELOR,SELF_EMPLOYED,WIDOWED,2,3,OWN,AGENT,1,0,1,1,0,1
363764586240,LATRICE,HARDEMAN,-116380800000,59,DOCTORATE,RETIRED,MARRIED,0,0,MORTGAGE,ADJUSTER,1,0,0,1,0,1
517844907766,BRIAN,WINTER,10972800000,55,BACHELOR,EMPLOYED,DIVORCED,0,1,OTHER,AGENT,0,1,1,1,0,0
355474359799,BRADFORD,THOMPSON,144201600000,51,BACHELOR,EMPLOYED,MARRIED,1,2,RENT,ADJUSTER,0,0,0,0,0,0
165190662824,KATHY,WATTS,348883200000,44,ASSOCIATE,UNEMPLOYED,WIDOWED,2,3,OTHER,AGENT,1,1,0,1,1,1
363000020540,EDDIE,JR.,952646400000,25,MASTER,RETIRED,MARRIED,0,1,RENT,AGENT,1,1,1,0,1,0
992822057192,ROCIO,NAJERA,-285724800000,64,MASTER,STUDENT,WIDOWED,0,1,MORTGAGE,AGENT,1,0,1,0,0,0
973428856900,JESSICA,TILSON,750643200000,31,MASTER,EMPLOYED,DIVORCED,2,3,OWN,AGENT,1,0,1,0,0,0
698431091499,KAYLAH,BRANCH,-91584000000,58,ASSOCIATE,RETIRED,DIVORCED,0,0,OTHER,AGENT,0,0,1,0,1,1
300005203871,NUVIA,BRADLEY,775958400000,31,BACHELOR,UNEMPLOYED,MARRIED,1,1,OTHER,AGENT,1,1,0,1,0,1
303009297398,TOMIKA,HENRY,634953600000,35,HIGH_SCHOOL,STUDENT,WIDOWED,2,2,OTHER,AGENT,1,1,0,1,1,1
870555020440,CHARLTON,MILLER,782611200000,30,MASTER,EMPLOYED,DIVORCED,3,4,MORTGAGE,ADJUSTER,1,0,1,0,0,0
385357345918,ELIZABETH,VELAZQUEZ,805161600000,30,MASTER,UNEMPLOYED,MARRIED,0,0,MORTGAGE,AGENT,1,1,1,0,0,1
627929136432,THI,PHAM,-218592000000,62,MASTER,EMPLOYED,SINGLE,0,1,OWN,AGENT,0,1,0,1,0,0
838202600692,MARK,HANSEN,201052800000,49,ASSOCIATE,STUDENT,MARRIED,2,2,MORTGAGE,AGENT,1,1,0,0,0,0
175805847276,MICHELE,SPENCER,717033600000,32,ASSOCIATE,UNEMPLOYED,DIVORCED,3,3,MORTGAGE,AGENT,0,1,0,0,1,0
495275379086,MARK,RICE,-122169600000,59,HIGH_SCHOOL,EMPLOYED,SINGLE,3,3,RENT,AGENT,1,0,1,0,1,0
421127191588,DOMINCK,IMPASTATO,499996800000,39,DOCTORATE,UNEMPLOYED,SINGLE,2,2,OWN,AGENT,1,1,1,1,1,0
224335746171,RICHARD,LIM,577756800000,37,BACHELOR,UNEMPLOYED,MARRIED,1,1,OTHER,AGENT,1,1,1,1,1,0
640486126939,CHRISTINA,HERNANDEZ,-235699200000,63,MASTER,EMPLOYED,SINGLE,3,3,RENT,AGENT,1,1,0,0,0,1
762541206975,JON,BLACKLOCK,-135388800000,59,BACHELOR,STUDENT,MARRIED,2,2,RENT,ADJUSTER,1,0,0,0,1,0
896314389982,HOLLIE,HOLMES,227318400000,48,MASTER,UNEMPLOYED,DIVORCED,3,3,RENT,AGENT,1,0,0,0,0,1
318167415519,KIRA,GREEN,719366400000,32,DOCTORATE,STUDENT,WIDOWED,2,2,MORTGAGE,AGENT,0,1,1,0,0,0
85469585599,HALLE,SWINNEY,-230774400000,62,BACHELOR,STUDENT,MARRIED,1,2,OWN,AGENT,1,0,1,0,1,0
286664165264,DAVID,JR,808012800000,30,MASTER,UNEMPLOYED,MARRIED,2,2,OWN,ADJUSTER,1,0,1,1,0,0
420087191426,RODNEY,HERRING,57110400000,53,BACHELOR,EMPLOYED,WIDOWED,2,2,OWN,AGENT,0,0,1,0,1,1
250373794664,IFEDAMOLA,ADISA,76809600000,53,DOCTORATE,RETIRED,WIDOWED,0,0,MORTGAGE,ADJUSTER,1,0,0,1,0,0
455657325863,BAILEY,HOWARD,858297600000,28,BACHELOR,EMPLOYED,DIVORCED,1,1,OWN,AGENT,0,0,0,0,1,0
554744024436,GRANT,SAUNDERS,-116208000000,59,MASTER,RETIRED,MARRIED,2,3,RENT,AGENT,1,1,0,1,0,1
888783569337,CHRISTOPHER,DINANNO,-83030400000,58,ASSOCIATE,UNEMPLOYED,SINGLE,3,3,RENT,ADJUSTER,1,0,0,0,1,1
958165798501,TAMMY,PALMER,810000000000,29,MASTER,EMPLOYED,WIDOWED,1,2,MORTGAGE,AGENT,1,0,0,0,0,0
891275083252,LINDA,MUMMERT,-12355200000,56,MASTER,RETIRED,DIVORCED,3,4,OTHER,AGENT,1,0,1,1,1,0
77114721580,JOHN,WHITE,673920000000,34,BACHELOR,RETIRED,SINGLE,3,3,MORTGAGE,AGENT,1,1,1,0,0,0
286677234854,JAMES,HOUSER,-691200000,55,ASSOCIATE,SELF_EMPLOYED,MARRIED,2,2,RENT,ADJUSTER,1,1,1,1,0,1
556309785473,CHELCI,JOHNSON,962236800000,25,MASTER,STUDENT,WIDOWED,2,3,OWN,AGENT,1,0,0,0,0,1
385253234939,TAMMY,HORN,-59443200000,57,DOCTORATE,RETIRED,SINGLE,0,0,OWN,AGENT,0,1,1,1,0,0
291371718296,GLENN,SNOGA,588729600000,36,ASSOCIATE,STUDENT,MARRIED,3,3,MORTGAGE,AGENT,0,0,1,0,0,1
9645827374,NINA,JORDAN,926726400000,26,MASTER,EMPLOYED,WIDOWED,2,2,OTHER,AGENT,0,1,1,1,1,0
599113798231,JARED,WINFIELD,596160000000,36,ASSOCIATE,STUDENT,MARRIED,1,1,MORTGAGE,AGENT,0,0,1,1,1,1
711590761815,RACQUEL,PROCTOR,587433600000,37,ASSOCIATE,UNEMPLOYED,MARRIED,2,2,OWN,ADJUSTER,1,0,0,1,1,1
310390253035,MYRIAM,TORRES,546220800000,38,MASTER,STUDENT,DIVORCED,0,1,MORTGAGE,AGENT,0,1,0,0,0,0
445690683887,KEVIN,REINERTH,-113443200000,59,ASSOCIATE,SELF_EMPLOYED,DIVORCED,3,3,RENT,ADJUSTER,0,0,0,0,1,0
844910977376,ASHLEY,SIGLER,640483200000,35,DOCTORATE,STUDENT,MARRIED,2,3,MORTGAGE,ADJUSTER,1,1,0,1,1,0
31922325317,BLANCA,MARTINEZ,574819200000,37,ASSOCIATE,STUDENT,SINGLE,1,2,RENT,BROKER,0,0,1,1,1,0
414218445813,RODOLFO,JR,-156643200000,60,ASSOCIATE,STUDENT,DIVORCED,0,1,OTHER,AGENT,1,1,0,0,0,1
407826676704,BRITTNEY,DAVISON,519004800000,39,BACHELOR,SELF_EMPLOYED,DIVORCED,3,4,RENT,ADJUSTER,1,1,1,0,0,0
760156336965,CLAUDIA,RODRIGUEZ,351043200000,44,MASTER,UNEMPLOYED,DIVORCED,3,3,OTHER,AGENT,1,0,0,0,1,0
144955823173,KAYLEE,DOHERTY,373507200000,43,MASTER,UNEMPLOYED,MARRIED,3,4,OWN,ADJUSTER,0,0,0,1,0,1
72722175543,JASON,LEE,856051200000,28,HIGH_SCHOOL,EMPLOYED,WIDOWED,3,3,OTHER,AGENT,0,1,0,1,1,1
537582335740,MARTIN,WILLIAMS,-65318400000,57,BACHELOR,RETIRED,WIDOWED,2,3,RENT,AGENT,1,0,1,1,0,1
826243372325,WENDY,REYES,529891200000,38,MASTER,SELF_EMPLOYED,DIVORCED,1,2,MORTGAGE,AGENT,1,1,1,1,1,0
44008759769,GODLOVE,BENJAMIN,-328492800000,66,BACHELOR,RETIRED,SINGLE,0,0,OWN,AGENT,1,1,0,0,0,1
478223528477,ALYSSA,MCDANIEL,87350400000,52,ASSOCIATE,RETIRED,WIDOWED,0,1,MORTGAGE,AGENT,0,0,0,0,0,0
852983810015,CHRISTOPHER,TRUTY,-101088000000,58,MASTER,STUDENT,DIVORCED,0,0,MORTGAGE,ADJUSTER,0,0,1,1,0,0
959743792468,AARON,SMITH,936662400000,25,DOCTORATE,STUDENT,MARRIED,0,1,RENT,AGENT,1,1,0,1,0,0
761486425205,ORAN,BELL,-86918400000,58,BACHELOR,EMPLOYED,DIVORCED,0,0,OTHER,ADJUSTER,1,1,0,1,1,1
89179174434,NICHOLAS,ROBERTO,122860800000,51,DOCTORATE,RETIRED,MARRIED,1,2,OTHER,AGENT,0,0,1,0,0,1
218799984533,SPENCER,MORELL,-175564800000,61,HIGH_SCHOOL,STUDENT,WIDOWED,3,3,OTHER,AGENT,1,0,0,0,1,1
279369385374,ANNA,CORRALES,893030400000,27,BACHELOR,SELF_EMPLOYED,SINGLE,0,0,RENT,AGENT,0,1,0,1,1,1
35645225470,PETER,CURNIN,-320716800000,65,BACHELOR,STUDENT,SINGLE,0,0,MORTGAGE,AGENT,1,0,1,1,1,1
467903214835,AUSTIN,ARMS,196214400000,49,BACHELOR,STUDENT,MARRIED,0,1,MORTGAGE,AGENT,0,1,1,0,1,1
458685468468,JAMES,HOWARD,-309139200000,65,MASTER,STUDENT,WIDOWED,3,3,MORTGAGE,AGENT,0,0,0,0,1,0
369603063295,JOHN,GUNDY,612057600000,36,HIGH_SCHOOL,EMPLOYED,MARRIED,1,1,OWN,AGENT,1,0,1,0,1,0
388190095183,HOWARD,LASHNER,149385600000,50,HIGH_SCHOOL,STUDENT,MARRIED,0,1,OWN,AGENT,1,1,1,0,1,1
625229040226,MARY,TINNICK,115776000000,51,DOCTORATE,SELF_EMPLOYED,SINGLE,3,3,RENT,ADJUSTER,1,0,1,1,1,1
39226119992,JACQUELINE,GONZALEZ,102643200000,52,HIGH_SCHOOL,EMPLOYED,MARRIED,3,4,MORTGAGE,AGENT,1,1,0,1,1,1
528111282457,LEA,JOHNSON,-301968000000,65,HIGH_SCHOOL,SELF_EMPLOYED,DIVORCED,0,1,RENT,ADJUSTER,0,0,1,1,0,0
542284132359,GEORGE,EZIGBO,-116985600000,59,BACHELOR,RETIRED,MARRIED,0,1,MORTGAGE,AGENT,1,0,1,0,0,0
362856938292,JOSELYN,MUNDO,805075200000,30,BACHELOR,UNEMPLOYED,WIDOWED,2,2,OTHER,AGENT,0,1,0,1,1,0
808525375261,MATTHEW,MCDONALD,-154310400000,60,BACHELOR,EMPLOYED,WIDOWED,1,1,OWN,AGENT,1,1,1,1,1,1
657848012055,THERMAN,CUNNINGHAM,923875200000,26,ASSOCIATE,UNEMPLOYED,MARRIED,3,4,OTHER,AGENT,0,1,1,0,1,0
255246747315,SUSAN,SMITH,-27734400000,56,ASSOCIATE,RETIRED,WIDOWED,3,4,MORTGAGE,ADJUSTER,1,1,1,0,0,0
919188839114,JUSTIN,HOWARD,-153360000000,60,ASSOCIATE,SELF_EMPLOYED,DIVORCED,1,2,RENT,AGENT,0,0,0,1,0,1
761334601088,JESELYN,TREJO,646963200000,35,DOCTORATE,SELF_EMPLOYED,SINGLE,2,3,MORTGAGE,AGENT,0,0,0,1,0,0
448817892852,JESSICA,LAVENDER,181267200000,49,HIGH_SCHOOL,RETIRED,DIVORCED,3,4,MORTGAGE,AGENT,0,1,1,1,0,1
461768474587,ERIN,DOBSON,839462400000,29,DOCTORATE,SELF_EMPLOYED,SINGLE,2,3,OWN,AGENT,1,1,1,1,1,1
379586606061,DEONTAE,THOMAS,101347200000,52,MASTER,UNEMPLOYED,WIDOWED,1,1,RENT,ADJUSTER,0,0,1,1,0,0
574261411315,WILLIAM,OTTENS,858470400000,28,BACHELOR,UNEMPLOYED,WIDOWED,0,0,OWN,AGENT,1,1,0,1,1,1
416139398998,NATASHA,JESUS,-33609600000,56,HIGH_SCHOOL,EMPLOYED,WIDOWED,2,3,OWN,AGENT,1,1,0,1,0,0
446541780720,BRITT,REESE,570931200000,37,BACHELOR,SELF_EMPLOYED,SINGLE,3,4,RENT,ADJUSTER,1,0,1,0,0,1
520859306499,NICOLE,DOSS,904348800000,26,DOCTORATE,STUDENT,MARRIED,3,3,OWN,ADJUSTER,0,1,1,1,0,1
564972539925,SHAKERIA,CHRISTIAN,311817600000,45,DOCTORATE,SELF_EMPLOYED,SINGLE,1,2,RENT,AGENT,0,0,0,1,0,1
959480209367,OMARI,SANDS,-360979200000,67,DOCTORATE,SELF_EMPLOYED,DIVORCED,1,1,OTHER,AGENT,0,0,0,0,1,0
513098948108,JACQUELINE,CANTRELL,213580800000,48,BACHELOR,SELF_EMPLOYED,MARRIED,3,3,MORTGAGE,AGENT,1,0,1,0,1,0
732566659514,JOSEPH,AMATO,622598400000,35,BACHELOR,UNEMPLOYED,MARRIED,3,4,OTHER,AGENT,0,1,0,0,0,0
715455368296,DAPHNE,BOYLE,850176000000,28,DOCTORATE,SELF_EMPLOYED,WIDOWED,2,2,OTHER,AGENT,1,1,0,1,0,0
639413395994,ANITA,JONES-HINES,837820800000,29,ASSOCIATE,STUDENT,DIVORCED,2,3,OTHER,AGENT,0,0,1,0,1,1
419658197486,PATRICK,RILEY,591580800000,36,HIGH_SCHOOL,SELF_EMPLOYED,DIVORCED,3,4,OWN,AGENT,1,0,1,0,0,1
712136073746,SHERRI,PIERCE,520041600000,39,DOCTORATE,STUDENT,MARRIED,2,2,OWN,AGENT,1,0,1,0,1,0
802630098,BRYAN,ATWOOD,105580800000,52,DOCTORATE,UNEMPLOYED,MARRIED,0,1,OTHER,AGENT,1,1,1,1,1,0
427697700591,NOAH,BRINKMAN,-178675200000,61,ASSOCIATE,STUDENT,WIDOWED,2,2,MORTGAGE,AGENT,1,0,1,1,1,0
521650113635,JOHN,ARENDS,247968000000,47,MASTER,SELF_EMPLOYED,WIDOWED,1,2,OTHER,AGENT,0,1,0,0,1,0
218536787578,KAREN,VALERA,808531200000,30,MASTER,SELF_EMPLOYED,WIDOWED,3,4,RENT,ADJUSTER,1,1,1,0,1,0
724666396585,LINDSEY,GUEVARA,413424000000,42,ASSOCIATE,EMPLOYED,SINGLE,0,1,OWN,ADJUSTER,1,1,0,1,0,1
169378429346,JOHN,WOODFIN,-119404800000,59,ASSOCIATE,STUDENT,MARRIED,2,3,OWN,AGENT,0,1,0,0,1,1
758842705127,MARTHA,BENITEZ,513993600000,39,DOCTORATE,STUDENT,WIDOWED,3,3,OWN,AGENT,1,1,1,0,0,1
621352101517,ALBERT,LIM,-159062400000,60,BACHELOR,RETIRED,WIDOWED,0,1,OWN,AGENT,0,0,1,0,1,0
753863911807,STEPHANIE,THOMAS,425520000000,42,HIGH_SCHOOL,RETIRED,SINGLE,3,3,RENT,AGENT,1,1,1,0,0,1
620016158414,MAKAYLA,FAULK,869443200000,28,ASSOCIATE,UNEMPLOYED,WIDOWED,2,3,OTHER,AGENT,1,0,0,1,0,1
737200156099,CONNIE,KIDD,-221875200000,62,ASSOCIATE,EMPLOYED,DIVORCED,3,3,MORTGAGE,AGENT,0,0,1,0,1,1
98996936954,KATRINA,CITIZEN,-181699200000,61,BACHELOR,RETIRED,DIVORCED,2,2,OWN,AGENT,0,1,1,0,1,1
21199264812,NIKOLE,HYETT-SCHNELL,379555200000,43,MASTER,SELF_EMPLOYED,SINGLE,3,3,OTHER,AGENT,0,0,1,0,1,1
200716834417,DANIEL,DALENE,8208000000,55,ASSOCIATE,STUDENT,WIDOWED,2,3,OTHER,ADJUSTER,0,0,1,0,1,0
51387561390,DONALD,CHASE,517363200000,39,ASSOCIATE,RETIRED,WIDOWED,2,2,OTHER,AGENT,0,0,0,0,0,1
360143825793,CHUKWUDUM,ANYA,835401600000,29,MASTER,RETIRED,WIDOWED,2,2,MORTGAGE,AGENT,1,1,1,0,1,0
780239309216,TONY,DUBOSE,297216000000,46,BACHELOR,SELF_EMPLOYED,SINGLE,3,3,RENT,AGENT,1,0,1,1,1,1
898005728734,STACY,NELSON,517017600000,39,MASTER,UNEMPLOYED,DIVORCED,3,4,MORTGAGE,AGENT,0,0,1,1,1,0
436899913954,RAY,LANTRIP,-154137600000,60,ASSOCIATE,STUDENT,SINGLE,1,1,OTHER,AGENT,0,0,1,0,0,0
807128301503,DAYANA,VALLES,73526400000,53,BACHELOR,EMPLOYED,DIVORCED,0,0,OWN,AGENT,0,0,1,0,1,1
859869456915,JEFFREY,MEYERS,-167961600000,60,HIGH_SCHOOL,UNEMPLOYED,SINGLE,0,1,OWN,AGENT,0,1,0,0,0,1
275223323344,EDWIN,RESTREPO,181526400000,49,ASSOCIATE,RETIRED,WIDOWED,3,3,MORTGAGE,AGENT,0,1,1,0,1,0
643987121873,NICHOLE,LOMBARDO,-179020800000,61,ASSOCIATE,UNEMPLOYED,MARRIED,2,3,MORTGAGE,ADJUSTER,1,0,1,1,0,0
856853591426,MATTHEW,GOLDEN,68601600000,53,MASTER,SELF_EMPLOYED,WIDOWED,3,4,RENT,AGENT,0,1,0,0,1,1
956765782090,GWENDOLYN,SWICK,418262400000,42,BACHELOR,SELF_EMPLOYED,SINGLE,2,3,OTHER,AGENT,1,1,1,0,1,0
387217578777,KYLE,MURPHY,396576000000,43,HIGH_SCHOOL,EMPLOYED,MARRIED,1,2,MORTGAGE,AGENT,1,0,1,0,1,1
914704965878,DAVID,SAVINO,-106444800000,58,MASTER,RETIRED,MARRIED,1,2,OTHER,ADJUSTER,1,0,0,0,1,1
161051332712,BRITT,ESTER,3456000000,55,HIGH_SCHOOL,RETIRED,WIDOWED,2,3,OWN,AGENT,0,1,0,1,0,0
990778703726,RANITA,MCLENDON,793929600000,30,DOCTORATE,EMPLOYED,DIVORCED,3,4,RENT,AGENT,1,1,0,1,1,0
352115120390,PHONG,DANG,58060800000,53,HIGH_SCHOOL,STUDENT,SINGLE,2,2,RENT,AGENT,0,1,1,0,1,1
753281906193,BRETT,BUSSARD,560649600000,37,ASSOCIATE,EMPLOYED,SINGLE,2,3,MORTGAGE,ADJUSTER,1,1,1,1,0,0
503207192394,CYNTHIA,MONCADA,289094400000,46,ASSOCIATE,UNEMPLOYED,SINGLE,1,1,RENT,AGENT,0,1,0,0,1,0
676630025676,KEVIN,MCDONALD,-159580800000,60,MASTER,EMPLOYED,WIDOWED,1,1,MORTGAGE,AGENT,0,0,0,1,0,0
613384420051,ENELESI,DAHN,-198806400000,61,MASTER,UNEMPLOYED,WIDOWED,1,2,RENT,AGENT,1,0,0,1,1,1
182538858796,KEVIN,HAYES,-344563200000,66,MASTER,RETIRED,MARRIED,0,0,OTHER,ADJUSTER,0,1,1,0,0,0
485919943930,YANZHU,WU,130896000000,51,ASSOCIATE,STUDENT,MARRIED,2,3,RENT,AGENT,0,0,0,1,0,1
867084603075,BRENDAN,TOONE,512006400000,39,HIGH_SCHOOL,SELF_EMPLOYED,DIVORCED,2,2,RENT,AGENT,1,0,1,0,0,0
610343341026,DIDEROT,SAINTILUS,582422400000,37,DOCTORATE,RETIRED,SINGLE,2,2,RENT,AGENT,1,0,1,0,0,1
626079422605,RYAN,WATTS,-364521600000,67,HIGH_SCHOOL,RETIRED,SINGLE,2,3,MORTGAGE,ADJUSTER,1,1,0,1,1,0
797710356745,PETER,CADE,40608000000,54,HIGH_SCHOOL,EMPLOYED,DIVORCED,1,2,RENT,ADJUSTER,0,1,0,1,0,0
424183628132,JUSTIN,CARL,375926400000,43,DOCTORATE,UNEMPLOYED,SINGLE,0,1,OWN,ADJUSTER,0,0,0,0,0,0
66169339659,LORI,GRAY,792028800000,30,MASTER,UNEMPLOYED,WIDOWED,3,3,OTHER,AGENT,1,0,1,0,1,1
458829719244,DEVANNY,DORELIEN,-103420800000,58,HIGH_SCHOOL,STUDENT,WIDOWED,3,4,OWN,ADJUSTER,0,1,1,1,0,0
269449847405,MARANG,WEBB,635472000000,35,DOCTORATE,EMPLOYED,DIVORCED,3,4,MORTGAGE,AGENT,0,1,0,1,0,0
433434539299,JOSEPH,MASSARO,-331084800000,66,HIGH_SCHOOL,RETIRED,SINGLE,1,1,MORTGAGE,AGENT,1,0,0,0,0,0
532066592278,WAYNE,STASCHKE,597801600000,36,DOCTORATE,STUDENT,MARRIED,2,3,MORTGAGE,AGENT,0,1,1,0,0,0
552174019493,BIANCA,SANTIAGO,-365299200000,67,ASSOCIATE,UNEMPLOYED,SINGLE,1,2,OWN,ADJUSTER,0,1,0,1,0,1
369281740774,MONA,MORRIS,6998400000,55,HIGH_SCHOOL,STUDENT,WIDOWED,2,3,OWN,AGENT,0,1,0,0,1,1
44483606280,JOYCE,ROSS,764985600000,31,HIGH_SCHOOL,UNEMPLOYED,SINGLE,2,3,MORTGAGE,AGENT,1,0,1,0,1,1
559872016647,YADIRA,LOPEZ,-158716800000,60,ASSOCIATE,EMPLOYED,MARRIED,3,4,OWN,AGENT,1,0,1,0,0,1
550007439713,SHERI,JOHNSON,221443200000,48,MASTER,UNEMPLOYED,SINGLE,1,2,RENT,AGENT,0,1,0,0,1,1
545202834414,ASHLEY,WILLIAMS,903571200000,26,HIGH_SCHOOL,EMPLOYED,SINGLE,1,2,MORTGAGE,ADJUSTER,0,0,0,0,0,0
48377393255,CODY,DECK,777427200000,30,MASTER,EMPLOYED,SINGLE,0,0,OWN,AGENT,0,1,0,0,0,1
582019458369,GRACIELA,BRYAN,-320198400000,65,HIGH_SCHOOL,EMPLOYED,WIDOWED,2,2,OTHER,AGENT,1,1,1,0,1,1
532205420207,CAMILLE,LOGOTHETIS,304387200000,45,BACHELOR,STUDENT,MARRIED,1,1,MORTGAGE,AGENT,0,0,1,1,1,0
776071359739,JOHN,SR,379296000000,43,BACHELOR,SELF_EMPLOYED,SINGLE,2,2,MORTGAGE,AGENT,1,0,0,0,1,1
128588076061,ANTONIO,CALDERON,694051200000,33,DOCTORATE,SELF_EMPLOYED,SINGLE,3,3,OWN,AGENT,0,0,1,1,0,1
251739036623,GEORGE,JR,801446400000,30,ASSOCIATE,UNEMPLOYED,MARRIED,0,1,RENT,AGENT,1,1,1,0,1,1
437226561956,DEBORAH,MORGAN,213321600000,48,HIGH_SCHOOL,EMPLOYED,WIDOWED,1,1,OTHER,AGENT,1,0,1,0,0,0
150697884873,TERRY,CRAWFORD,420940800000,42,ASSOCIATE,EMPLOYED,DIVORCED,0,0,RENT,AGENT,0,1,0,1,0,0
346734419175,VANCE,GRAFF,245980800000,47,ASSOCIATE,SELF_EMPLOYED,DIVORCED,3,4,MORTGAGE,ADJUSTER,0,0,0,0,1,1
932017011808,MEAGAN,RICHARDS,-27043200000,56,ASSOCIATE,SELF_EMPLOYED,SINGLE,2,2,OTHER,AGENT,1,0,1,0,1,1
173273172270,HUNTER,SMITH,-86745600000,58,BACHELOR,STUDENT,WIDOWED,3,4,OTHER,AGENT,1,1,1,0,1,0
248679273520,JESSICA,SCHMITZ,477532800000,40,BACHELOR,UNEMPLOYED,DIVORCED,2,3,OWN,AGENT,1,0,1,0,1,0
28516157960,ANA,PAREDES,-58492800000,57,ASSOCIATE,STUDENT,WIDOWED,3,4,MORTGAGE,AGENT,0,0,0,1,1,1
876567349231,DALTON,PIPES,-243043200000,63,MASTER,RETIRED,DIVORCED,0,1,OWN,AGENT,1,1,0,1,0,1
375914159787,MONICA,FOWLER,465955200000,40,DOCTORATE,UNEMPLOYED,MARRIED,3,4,OWN,AGENT,0,1,1,1,1,1
743256757879,HECTOR,VAZQUEZ,167443200000,50,HIGH_SCHOOL,RETIRED,MARRIED,2,2,OWN,AGENT,0,1,0,0,0,1
712425451116,TAYLOR,MOSLEY,141868800000,51,MASTER,SELF_EMPLOYED,SINGLE,1,2,OWN,AGENT,1,0,1,1,1,1
115147534215,JONATHAN,SCOTT,-84585600000,58,DOCTORATE,STUDENT,SINGLE,3,3,OTHER,AGENT,0,0,1,0,1,0
749805646119,KENLEE,KRUSE,49939200000,54,ASSOCIATE,RETIRED,SINGLE,0,0,RENT,ADJUSTER,0,1,0,1,1,0
292468306094,KELLY,CHENG,1296000000,55,MASTER,STUDENT,WIDOWED,2,2,MORTGAGE,AGENT,1,1,1,1,1,1
875006624547,DONALD,WILSON,894499200000,27,MASTER,STUDENT,WIDOWED,2,2,OTHER,AGENT,1,0,1,1,1,1
451774500096,HERBERT,PHILLIPS,545184000000,38,DOCTORATE,UNEMPLOYED,SINGLE,3,4,RENT,AGENT,0,1,0,1,1,0
156899343898,KHALIL,THOMAS,351475200000,44,ASSOCIATE,STUDENT,DIVORCED,0,1,MORTGAGE,ADJUSTER,1,1,1,1,1,1
61801328221,THOMAS,DOHERTY,28684800000,54,MASTER,STUDENT,SINGLE,1,1,OWN,AGENT,0,1,0,1,0,1
800479928503,EDNA,THOMPSEN,384307200000,43,HIGH_SCHOOL,SELF_EMPLOYED,SINGLE,0,1,RENT,AGENT,0,1,1,0,0,0
320949390250,CORWYN,DEMPSEY,433036800000,41,ASSOCIATE,RETIRED,DIVORCED,2,2,OWN,ADJUSTER,0,1,0,1,1,1
240405821867,MERRITT,RUNDELL,125107200000,51,BACHELOR,RETIRED,DIVORCED,0,1,RENT,ADJUSTER,1,0,1,1,1,0
639685603121,JOCELYN,KEETON,-23328000000,56,BACHELOR,SELF_EMPLOYED,MARRIED,1,2,OWN,AGENT,0,0,0,0,1,0
318299556497,JOE,HINES,851040000000,28,BACHELOR,RETIRED,DIVORCED,1,1,MORTGAGE,AGENT,1,0,0,0,1,1
151243049096,JARRA,LAWRENCE,620524800000,35,HIGH_SCHOOL,STUDENT,WIDOWED,1,1,RENT,AGENT,1,1,1,0,0,1
662290219665,CONNER,CONTRERAS,808099200000,30,MASTER,EMPLOYED,WIDOWED,1,2,OWN,AGENT,0,1,0,1,1,1
875130557175,ROLAND,RICHARDSON,-149990400000,60,BACHELOR,EMPLOYED,SINGLE,0,0,RENT,ADJUSTER,0,0,0,0,1,1
501136610032,TABATHA,WARD,970617600000,24,BACHELOR,RETIRED,SINGLE,3,4,OWN,AGENT,1,0,1,0,0,0
463560905780,HALEY,TRAWICK,961977600000,25,MASTER,UNEMPLOYED,SINGLE,0,1,OTHER,ADJUSTER,0,1,0,0,1,1
672989169230,BRADLEY,TAMKIN,-11318400000,55,HIGH_SCHOOL,EMPLOYED,DIVORCED,0,0,MORTGAGE,AGENT,1,0,1,1,0,1
33068871100,KHALEEQ,EVERETT,-149990400000,60,DOCTORATE,STUDENT,SINGLE,3,4,OTHER,AGENT,0,0,1,1,0,1
350047717641,WILLIAM,RATHMAN,-233366400000,63,ASSOCIATE,RETIRED,DIVORCED,0,1,MORTGAGE,AGENT,0,1,0,0,1,1
514501045297,BRITTANY,BROOKS,680400000000,34,DOCTORATE,RETIRED,WIDOWED,2,2,OTHER,AGENT,1,1,1,1,1,1
489289417372,CLARA,ANYASO,-374198400000,67,BACHELOR,UNEMPLOYED,MARRIED,3,4,RENT,AGENT,1,0,0,1,1,0
738817257381,COLIN,TOWNSEND,879033600000,27,MASTER,SELF_EMPLOYED,WIDOWED,3,4,OWN,AGENT,1,0,0,1,1,1
86955243274,DANIEL,OSENI,240105600000,48,BACHELOR,STUDENT,DIVORCED,2,2,OWN,AGENT,1,0,0,1,0,1
217116175808,KADEN,ROBERTS,583286400000,37,MASTER,EMPLOYED,DIVORCED,3,3,OTHER,AGENT,1,0,0,1,0,1
872442238910,KAREN,DAVEY,494208000000,39,ASSOCIATE,STUDENT,SINGLE,1,1,OTHER,AGENT,1,1,1,1,0,1
945606921596,JOHN,WALTER,595296000000,36,MASTER,STUDENT,WIDOWED,1,1,MORTGAGE,AGENT,0,1,1,0,0,0
432747980012,SANDY,STECKLING,-266457600000,64,DOCTORATE,EMPLOYED,DIVORCED,3,4,OWN,AGENT,1,0,0,0,1,1
426568196561,ANDREW,LOPEZ,308361600000,45,MASTER,RETIRED,WIDOWED,1,2,OWN,AGENT,0,0,1,1,1,1
584967813719,CARLOS,ORELLANA,482112000000,40,BACHELOR,SELF_EMPLOYED,MARRIED,1,1,OWN,AGENT,0,1,0,0,0,1
743099677415,RYAN,CLODFELTER,-155692800000,60,BACHELOR,RETIRED,MARRIED,3,3,MORTGAGE,AGENT,1,0,1,1,0,0
99539244993,JAQUELINE,COOK,-130032000000,59,MASTER,SELF_EMPLOYED,DIVORCED,0,1,OWN,ADJUSTER,1,1,1,1,1,0
414521706373,SAMERIA,LUNKIN,38448000000,54,MASTER,STUDENT,WIDOWED,1,2,OWN,AGENT,1,1,0,0,1,1
568857772626,MARK,PULSIFER,-66355200000,57,HIGH_SCHOOL,UNEMPLOYED,DIVORCED,1,1,MORTGAGE,AGENT,1,1,1,0,1,1
259461017133,PAUL,ROTH,-23673600000,56,MASTER,EMPLOYED,DIVORCED,0,0,RENT,AGENT,0,0,1,0,1,0
925790709133,MONICA,WONG,65923200000,53,HIGH_SCHOOL,EMPLOYED,DIVORCED,1,1,RENT,AGENT,0,1,0,0,1,1
970649264230,NICOLE,HEIMLICH,-278035200000,64,MASTER,SELF_EMPLOYED,MARRIED,2,2,RENT,ADJUSTER,1,0,0,1,0,1
718055760299,ERICA,LIANG,419299200000,42,HIGH_SCHOOL,RETIRED,MARRIED,0,0,RENT,AGENT,0,1,0,0,1,1
46465743153,JERE,LONGHOFER,891043200000,27,ASSOCIATE,UNEMPLOYED,SINGLE,2,2,MORTGAGE,AGENT,0,0,1,0,1,0
789664923150,CASE,HOLLUB,713750400000,33,HIGH_SCHOOL,SELF_EMPLOYED,MARRIED,2,2,RENT,AGENT,0,0,1,0,1,1
11514782803,ZENEK,SIERRA,-53222400000,57,HIGH_SCHOOL,STUDENT,MARRIED,0,0,MORTGAGE,AGENT,1,0,0,0,0,1
994089393955,JANTZEN,WALKER,936230400000,25,BACHELOR,RETIRED,SINGLE,1,1,OWN,AGENT,1,0,0,0,1,0
112803562530,KIRK,BRIEN,321321600000,45,BACHELOR,EMPLOYED,DIVORCED,0,0,MORTGAGE,AGENT,0,0,1,1,1,1
793103111934,ALLEN,STARLEY,411436800000,42,HIGH_SCHOOL,RETIRED,DIVORCED,1,1,OTHER,AGENT,1,1,1,0,1,1
74703743567,CORTNEY,DIAL,823651200000,29,BACHELOR,EMPLOYED,DIVORCED,2,3,RENT,AGENT,1,1,1,1,0,1
502756618308,EUGENE,SLATTERY,843782400000,28,HIGH_SCHOOL,UNEMPLOYED,MARRIED,2,2,MORTGAGE,AGENT,0,0,1,0,1,0
42261277501,JULIE,LEVINE,-249868800000,63,MASTER,SELF_EMPLOYED,SINGLE,0,1,MORTGAGE,ADJUSTER,1,1,1,0,1,1
231217751924,JOSE,CORREA,399686400000,42,MASTER,STUDENT,MARRIED,1,1,MORTGAGE,AGENT,0,1,0,1,1,0
335723856058,JUDY,WILLIAMS,362448000000,44,MASTER,RETIRED,DIVORCED,2,3,RENT,ADJUSTER,1,1,1,1,1,1
121611597272,SAM,WEBB,151977600000,50,MASTER,EMPLOYED,WIDOWED,2,2,OTHER,AGENT,0,0,1,0,1,0
471745244836,SABRINA,KINDER,377308800000,43,DOCTORATE,STUDENT,SINGLE,2,2,OTHER,AGENT,1,0,1,1,0,0
415322208589,MANUEL,LOPEZ,237600000000,48,HIGH_SCHOOL,STUDENT,SINGLE,2,3,OWN,ADJUSTER,0,1,0,0,0,0
537787782794,MELISSA,GUERRA,123033600000,51,DOCTORATE,UNEMPLOYED,WIDOWED,3,3,OTHER,AGENT,1,0,1,1,0,1
626653144757,MICHELE,WOLF,210902400000,48,DOCTORATE,STUDENT,WIDOWED,3,3,MORTGAGE,ADJUSTER,0,0,0,1,0,0
564099674154,STEPHANIE,WALCZYK,245808000000,47,MASTER,SELF_EMPLOYED,MARRIED,1,1,OTHER,AGENT,0,0,0,0,1,0
587598064692,TERRI,MARTIN,-261792000000,63,BACHELOR,RETIRED,WIDOWED,3,3,OTHER,AGENT,1,1,0,0,1,1
707318870008,ANDREA,MCCANTS,-285206400000,64,BACHELOR,EMPLOYED,DIVORCED,0,1,MORTGAGE,ADJUSTER,0,0,1,1,0,1
687103133737,ROBERT,LOPEZ,200016000000,49,HIGH_SCHOOL,EMPLOYED,DIVORCED,1,1,OTHER,ADJUSTER,1,1,0,1,1,1
14703709230,DOROTHY,UMANZOR,105148800000,52,BACHELOR,UNEMPLOYED,WIDOWED,2,2,MORTGAGE,AGENT,0,0,1,0,1,1
394646134125,ROBERT,IZLAR,809136000000,29,BACHELOR,RETIRED,WIDOWED,3,4,RENT,AGENT,0,0,0,0,1,0
568895900479,CRYSTAL,HANSEN,795139200000,30,MASTER,SELF_EMPLOYED,WIDOWED,1,2,RENT,AGENT,1,0,0,0,1,0
204037957990,LAURA,ESCALON,83721600000,52,BACHELOR,STUDENT,WIDOWED,2,3,OWN,AGENT,0,1,1,0,0,1
400206888952,JORDAN,POLLARD,516326400000,39,ASSOCIATE,STUDENT,MARRIED,3,3,RENT,AGENT,1,1,0,1,1,0
358240672774,CHRISTOPHER,VAUGHAN,65059200000,53,MASTER,RETIRED,MARRIED,2,2,MORTGAGE,AGENT,0,0,1,1,0,0
563304544056,KATEYSUE,HARRIS,300067200000,46,ASSOCIATE,RETIRED,MARRIED,1,1,OWN,ADJUSTER,1,1,1,0,0,1
149964185348,NELLY,IBARRA,190944000000,49,DOCTORATE,STUDENT,MARRIED,1,1,OWN,AGENT,1,0,1,0,1,1
787942453300,ELIZABETH,PERAZA,402796800000,42,BACHELOR,RETIRED,MARRIED,2,3,OWN,AGENT,0,1,1,0,0,0
161266272383,GARY,UYEMURA,336268800000,44,ASSOCIATE,RETIRED,DIVORCED,3,3,MORTGAGE,AGENT,1,0,0,1,0,1
862621841409,SEBASTIAN,GEORGE,-193795200000,61,DOCTORATE,SELF_EMPLOYED,DIVORCED,3,3,MORTGAGE,AGENT,0,1,1,0,1,0
564263432193,ALEX,HAZEL,313286400000,45,DOCTORATE,EMPLOYED,SINGLE,1,1,OTHER,ADJUSTER,0,0,0,0,0,0
537242206434,ERIC,LEBLANC,622166400000,35,ASSOCIATE,UNEMPLOYED,WIDOWED,2,2,OTHER,AGENT,0,1,1,0,1,0
88201619098,AISHA,ANDERSON,769305600000,31,MASTER,EMPLOYED,MARRIED,2,3,MORTGAGE,ADJUSTER,0,0,1,0,1,0
322262795334,MONICA,RODRIGUEZ,-32140800000,56,ASSOCIATE,RETIRED,WIDOWED,0,1,MORTGAGE,AGENT,0,0,1,1,0,0
644203201206,JAQUELINE,CASTELLANOS,500774400000,39,BACHELOR,EMPLOYED,MARRIED,1,2,OTHER,AGENT,1,1,0,0,0,0
67566960371,KEITH,WILLETT,56678400000,53,DOCTORATE,UNEMPLOYED,MARRIED,0,0,OWN,AGENT,0,1,1,0,1,0
787312942806,FIORE,RANGEL,432432000000,41,BACHELOR,EMPLOYED,WIDOWED,2,3,MORTGAGE,ADJUSTER,0,0,1,0,0,1
179963707707,SHANEIRI,MATOS,320371200000,45,BACHELOR,STUDENT,MARRIED,1,2,OTHER,AGENT,0,1,0,1,1,0
811292225263,SHAKEEL,KAZMI,-225676800000,62,HIGH_SCHOOL,UNEMPLOYED,DIVORCED,0,0,OTHER,AGENT,1,1,0,1,1,1
689809213011,RICHARD,DRISKO,-136080000000,59,BACHELOR,STUDENT,MARRIED,0,0,MORTGAGE,AGENT,0,1,0,1,1,0
158170664688,MICHAEL,DEFILLIPO,-329443200000,66,ASSOCIATE,UNEMPLOYED,WIDOWED,1,1,MORTGAGE,AGENT,1,1,0,0,1,0
467027770888,MARQUISHA,GONZALEZ,391219200000,43,HIGH_SCHOOL,RETIRED,SINGLE,2,3,MORTGAGE,AGENT,1,0,0,1,0,0
216353365133,JACQUELYN,LEVAY,418694400000,42,ASSOCIATE,STUDENT,WIDOWED,3,3,RENT,AGENT,1,0,0,1,1,0
737560325779,KAREN,PIERCE,208483200000,49,HIGH_SCHOOL,UNEMPLOYED,DIVORCED,2,3,OTHER,AGENT,0,0,1,1,0,0
317441898934,ANTHONY,GEMMATO,487728000000,40,ASSOCIATE,STUDENT,WIDOWED,3,4,RENT,AGENT,1,1,0,0,0,1
409853386131,JOSEPH,KIRCHNER,144374400000,51,HIGH_SCHOOL,RETIRED,DIVORCED,0,0,OWN,AGENT,1,0,1,1,1,0
427562081380,AKOUA,DJONDO,57974400000,53,DOCTORATE,UNEMPLOYED,WIDOWED,2,3,OWN,AGENT,0,1,1,0,0,0
868553269711,ELIZABETH,IATTONI,550627200000,38,HIGH_SCHOOL,UNEMPLOYED,DIVORCED,1,2,RENT,AGENT,1,0,0,1,1,1
338916778243,SARAH,MCCOMAS,256694400000,47,HIGH_SCHOOL,RETIRED,MARRIED,0,0,RENT,AGENT,0,0,0,0,0,0
952069044729,ANDREA,WOFFORD,419817600000,42,BACHELOR,UNEMPLOYED,MARRIED,1,1,OWN,AGENT,1,0,1,0,0,1
826763357113,SHEILLA,KEMEI,574473600000,37,ASSOCIATE,RETIRED,MARRIED,3,3,RENT,AGENT,0,1,0,0,0,0
425482274151,PATRICK,WINKLER,877392000000,27,HIGH_SCHOOL,UNEMPLOYED,MARRIED,3,3,MORTGAGE,ADJUSTER,0,0,0,1,0,0
357840819869,SIFAH,ASABA,442627200000,41,MASTER,SELF_EMPLOYED,WIDOWED,3,4,OTHER,AGENT,1,1,1,0,0,1
447408978465,JOSE,MEDIAN,804643200000,30,BACHELOR,STUDENT,MARRIED,0,0,OWN,ADJUSTER,0,1,0,1,1,0
131628320492,JERRIONA,MCDANIELS,-250646400000,63,BACHELOR,STUDENT,MARRIED,3,4,MORTGAGE,ADJUSTER,1,0,1,0,1,1
963370923385,RYAN,BUTLER,275443200000,46,BACHELOR,SELF_EMPLOYED,MARRIED,0,1,OTHER,AGENT,0,1,1,1,0,0
918923790395,ROBERT,WALKER,-119923200000,59,MASTER,RETIRED,MARRIED,3,4,OWN,AGENT,0,0,0,0,0,0
875517639916,CHRISTY,CARLISLE,-255571200000,63,DOCTORATE,RETIRED,SINGLE,0,0,RENT,AGENT,1,0,0,1,1,1
287876544081,DENNIS,LYONS,943833600000,25,MASTER,UNEMPLOYED,MARRIED,1,2,OWN,AGENT,1,1,1,0,1,1
800393339200,REUPENA,SUE,304560000000,45,HIGH_SCHOOL,SELF_EMPLOYED,SINGLE,3,4,OWN,AGENT,1,0,1,1,0,1
457354873164,EDMUNDO,DAVILA,-64800000000,57,BACHELOR,UNEMPLOYED,SINGLE,1,1,OTHER,AGENT,0,1,0,0,1,1
150005383127,CONSTANCE,AKRONG,759456000000,31,BACHELOR,SELF_EMPLOYED,MARRIED,3,4,MORTGAGE,ADJUSTER,1,1,1,0,0,1
95989410854,TABITHA,TATUM,86745600000,52,MASTER,SELF_EMPLOYED,WIDOWED,1,2,RENT,AGENT,1,1,1,1,0,1
813239405222,RICHARD,PALOS,-11404800000,55,HIGH_SCHOOL,SELF_EMPLOYED,WIDOWED,1,2,OWN,AGENT,0,1,1,0,1,0
553018601354,KARLA,RAMOS,-337824000000,66,ASSOCIATE,RETIRED,DIVORCED,3,4,MORTGAGE,AGENT,1,1,0,0,1,1
756708625643,NICOLE,RIZZI,445564800000,41,MASTER,STUDENT,SINGLE,3,3,RENT,AGENT,0,0,0,1,0,0
617133289534,CHARMAINE,MCCULLOUGH,-85622400000,58,MASTER,RETIRED,DIVORCED,3,3,OTHER,AGENT,1,1,0,0,0,1
705067296113,LUIS,MONTEMAYOR,9936000000,55,HIGH_SCHOOL,STUDENT,DIVORCED,0,1,OTHER,AGENT,1,1,1,0,0,0
520622259278,SAMUEL,SHOOK,-375408000000,67,MASTER,EMPLOYED,MARRIED,3,3,RENT,AGENT,0,0,1,0,1,0
99194583774,DANIEL,MEARA,696902400000,33,MASTER,EMPLOYED,DIVORCED,3,3,OTHER,AGENT,1,1,1,1,1,1
41208928215,NICHOLE,GOLSTON,-2592000000,55,ASSOCIATE,EMPLOYED,MARRIED,1,2,RENT,AGENT,1,0,1,1,0,1
653994225021,AUDERMISHA,WOODS-FLEMING,418608000000,42,MASTER,RETIRED,MARRIED,1,1,RENT,AGENT,1,0,0,0,0,1
972722837310,CARA,CLARK,867715200000,28,DOCTORATE,UNEMPLOYED,MARRIED,3,3,OTHER,AGENT,1,0,0,0,0,1
295595753557,MICHELLE,HAMMER,73353600000,53,MASTER,RETIRED,MARRIED,3,4,RENT,ADJUSTER,1,0,1,0,1,0
822387023638,AMURE,ODULATE,527126400000,38,HIGH_SCHOOL,STUDENT,WIDOWED,3,3,OTHER,AGENT,0,0,0,1,0,0
443344352327,DYLAN,PURDY,935366400000,25,ASSOCIATE,EMPLOYED,SINGLE,0,0,MORTGAGE,AGENT,1,1,1,0,0,1
668184225196,DAVID,WALKER,266112000000,47,HIGH_SCHOOL,RETIRED,SINGLE,2,3,MORTGAGE,AGENT,0,1,0,0,0,0
254403491891,JANET,BARNETTE,853286400000,28,DOCTORATE,SELF_EMPLOYED,MARRIED,0,0,OTHER,ADJUSTER,1,0,0,1,1,0
605447457464,GILBERT,PATINO,-347846400000,66,HIGH_SCHOOL,SELF_EMPLOYED,SINGLE,1,1,OTHER,AGENT,1,0,1,0,1,0
98588469489,RONALD,PATTERSON,34387200000,54,BACHELOR,STUDENT,DIVORCED,3,4,OTHER,AGENT,0,1,0,0,0,1
906925927383,KEITH,SINDBERG,482630400000,40,MASTER,SELF_EMPLOYED,WIDOWED,2,2,OWN,AGENT,0,0,0,0,1,1
995862119707,DANNY,JR,118800000000,51,DOCTORATE,EMPLOYED,SINGLE,0,1,OWN,AGENT,0,1,1,1,0,1
561888447539,DELONE,WALKER,8467200000,55,ASSOCIATE,UNEMPLOYED,SINGLE,3,3,OWN,ADJUSTER,1,1,1,0,1,0
466837476792,TRACY,LEEK,452131200000,41,BACHELOR,EMPLOYED,SINGLE,3,4,OWN,ADJUSTER,1,0,0,1,1,1
952614253753,MARIO,BARRIOS,372297600000,43,HIGH_SCHOOL,UNEMPLOYED,SINGLE,3,4,MORTGAGE,AGENT,0,1,0,0,0,1
303685484612,JUSTIN,IMPERATORI,301622400000,46,BACHELOR,RETIRED,SINGLE,2,3,MORTGAGE,AGENT,1,1,0,0,0,1
491608458831,DAVID,HALBERG,619574400000,35,ASSOCIATE,EMPLOYED,SINGLE,3,3,OWN,AGENT,1,0,0,1,0,1
749352495599,PRASANNA,BHATIA,82252800000,53,DOCTORATE,UNEMPLOYED,DIVORCED,2,2,MORTGAGE,AGENT,1,0,0,0,0,0
437593555012,DOMINICK,GALLANT,176774400000,50,HIGH_SCHOOL,EMPLOYED,WIDOWED,2,3,OWN,AGENT,1,0,1,0,1,0
475332157398,JUAN,CORDERO,420768000000,42,DOCTORATE,STUDENT,MARRIED,3,4,RENT,AGENT,0,1,0,1,1,1
413043208445,JOHN,SCHOEPPACH,-17193600000,56,DOCTORATE,EMPLOYED,WIDOWED,2,2,OTHER,AGENT,0,1,0,1,1,0
813852659305,HALEIGH,MASON,-49680000000,57,BACHELOR,UNEMPLOYED,SINGLE,2,3,MORTGAGE,AGENT,1,0,0,0,1,0
134676450816,WILLIAM,ANTHONY,139449600000,51,MASTER,UNEMPLOYED,SINGLE,0,0,RENT,AGENT,0,1,0,1,0,1
445096980769,ALISON,LOXTON,329097600000,45,HIGH_SCHOOL,UNEMPLOYED,MARRIED,1,1,OWN,AGENT,1,1,0,1,0,1
36646067842,JAQUISHIA,TOWNSEL,-377395200000,67,HIGH_SCHOOL,EMPLOYED,WIDOWED,2,2,MORTGAGE,AGENT,1,1,1,0,1,1
820728980921,HADLEY,BUNCH,665539200000,34,BACHELOR,RETIRED,SINGLE,1,2,MORTGAGE,AGENT,0,0,1,0,1,0
429536754416,VANESSA,LANGSTON,765676800000,31,BACHELOR,EMPLOYED,SINGLE,0,0,MORTGAGE,AGENT,0,1,1,1,0,1
995632928106,MARCUS,STOTTS,895190400000,27,MASTER,UNEMPLOYED,DIVORCED,3,3,OWN,AGENT,1,0,0,0,0,0
683504247932,ROGER,KUPERMAN,672192000000,34,BACHELOR,RETIRED,WIDOWED,0,1,OWN,AGENT,0,1,1,0,0,1
309909810537,CHIENYI,HUTT,343008000000,44,DOCTORATE,STUDENT,WIDOWED,1,1,OTHER,AGENT,0,1,0,1,0,0
464030535202,IKPONMWOSA,GUOBADIA,458265600000,41,MASTER,EMPLOYED,MARRIED,0,0,OTHER,AGENT,0,1,1,0,1,1
211887840772,JAMES,PLATT,-345600000000,66,ASSOCIATE,RETIRED,DIVORCED,1,1,RENT,ADJUSTER,1,0,0,1,0,1
800506750620,LISA,RUSKANEN,-350265600000,66,ASSOCIATE,RETIRED,MARRIED,1,1,MORTGAGE,AGENT,0,1,1,0,1,0
821819147207,DANIEL,ARYEE,91065600000,52,BACHELOR,STUDENT,WIDOWED,1,1,OTHER,ADJUSTER,1,1,0,0,0,1
567950122862,QING,LI,957830400000,25,BACHELOR,EMPLOYED,MARRIED,2,2,MORTGAGE,AGENT,0,0,1,0,0,1
688333827703,NICK,SCANCARELLO,934761600000,26,MASTER,SELF_EMPLOYED,SINGLE,3,3,OTHER,AGENT,0,0,0,0,1,0
671496551940,COLLIN,CLARK,46915200000,54,ASSOCIATE,EMPLOYED,WIDOWED,2,3,OWN,AGENT,1,0,0,0,1,0
347047939615,PAUL,EKORI,836697600000,29,MASTER,EMPLOYED,SINGLE,0,0,OWN,AGENT,0,1,0,0,0,1
193597571033,GALE,JR,853459200000,28,HIGH_SCHOOL,EMPLOYED,MARRIED,0,0,OWN,ADJUSTER,0,1,1,1,0,1
403804813852,ANTONIO,JENKINS,-266889600000,64,BACHELOR,SELF_EMPLOYED,SINGLE,1,1,OWN,AGENT,1,1,0,1,1,1
212468903555,ARTHUR,FOREMAN,907718400000,26,MASTER,EMPLOYED,SINGLE,0,1,RENT,AGENT,0,1,1,0,1,0
19450228725,JERRY,GRAHAM,241401600000,47,MASTER,STUDENT,DIVORCED,2,3,MORTGAGE,AGENT,1,1,0,1,1,0
658846312085,CLAUDIO,ENRIQUEZ,-176428800000,61,ASSOCIATE,STUDENT,MARRIED,2,3,OWN,AGENT,1,0,0,1,0,1
719002840708,JAMES,BUCHANAN,312249600000,45,HIGH_SCHOOL,SELF_EMPLOYED,DIVORCED,2,3,RENT,AGENT,1,1,1,0,0,1
774947150205,ANGELA,HIEB,568512000000,37,DOCTORATE,STUDENT,SINGLE,2,2,RENT,ADJUSTER,0,0,1,0,1,1
70952757377,ALEXANDRIA,ICKES,431827200000,41,HIGH_SCHOOL,UNEMPLOYED,DIVORCED,1,1,MORTGAGE,AGENT,0,0,0,0,0,1
547918406126,ELIJAH,ROBINSON,182736000000,49,BACHELOR,RETIRED,MARRIED,2,2,OWN,AGENT,0,0,0,0,1,0
284552744388,MATTHEW,ROWLETTE,31622400000,54,DOCTORATE,SELF_EMPLOYED,WIDOWED,0,0,OWN,AGENT,0,0,1,0,1,1
720461013360,TANNER,SMITH,-5616000000,55,ASSOCIATE,EMPLOYED,SINGLE,2,2,MORTGAGE,AGENT,0,0,1,0,1,1
978874680044,KIVA,ZINN,816739200000,29,HIGH_SCHOOL,EMPLOYED,MARRIED,2,2,RENT,AGENT,0,0,1,1,0,1
95021476068,SANDRA,GARZA,669772800000,34,HIGH_SCHOOL,SELF_EMPLOYED,WIDOWED,0,0,MORTGAGE,ADJUSTER,0,0,0,1,1,1
624393290502,CORTNEY,SWAIN,146534400000,50,DOCTORATE,UNEMPLOYED,WIDOWED,0,1,MORTGAGE,AGENT,1,0,0,1,1,0
311192012419,GEYSI,MENDOZA,881193600000,27,HIGH_SCHOOL,STUDENT,MARRIED,3,4,OTHER,AGENT,1,1,1,0,1,1
880992714231,SARA,HALBROOK,-54518400000,57,BACHELOR,RETIRED,MARRIED,0,0,RENT,AGENT,1,1,1,0,0,1
583794033798,DANIEL,AVENDANO,929318400000,26,HIGH_SCHOOL,UNEMPLOYED,DIVORCED,1,2,OWN,AGENT,0,1,0,0,0,0
288127461551,MIGUEL,PENA,293241600000,46,BACHELOR,SELF_EMPLOYED,MARRIED,3,3,MORTGAGE,ADJUSTER,0,0,1,1,0,0
751670294547,JASON,CHADWICK,837561600000,29,ASSOCIATE,RETIRED,MARRIED,1,2,MORTGAGE,AGENT,0,0,1,1,1,1
525579243685,HOWARD,HISSRICH,592012800000,36,HIGH_SCHOOL,SELF_EMPLOYED,WIDOWED,2,3,OWN,AGENT,0,0,1,1,0,0
785804348490,DONTRAY,ETHERIDGE,-302832000000,65,BACHELOR,UNEMPLOYED,DIVORCED,1,2,RENT,AGENT,1,1,0,1,1,0
751198943068,STEPHEN,SCHLIESSER,936057600000,25,HIGH_SCHOOL,RETIRED,WIDOWED,2,2,OWN,AGENT,0,0,0,1,0,0
652807372607,REBEKAH,HLAVAC,183859200000,49,DOCTORATE,SELF_EMPLOYED,WIDOWED,3,3,OTHER,AGENT,0,1,0,1,1,1
548297235013,ANDREW,EKPEOGWA,738028800000,32,ASSOCIATE,EMPLOYED,DIVORCED,0,1,OTHER,AGENT,0,1,1,1,0,0
163691744894,GARY,STAKER,731030400000,32,HIGH_SCHOOL,SELF_EMPLOYED,MARRIED,2,2,RENT,AGENT,0,1,0,1,1,0
914452876472,BRIAN,TROST,812073600000,29,MASTER,UNEMPLOYED,WIDOWED,2,2,OTHER,AGENT,1,0,0,0,0,1
309983158265,DOMINICK,FIERRO,756086400000,31,DOCTORATE,STUDENT,MARRIED,1,2,MORTGAGE,AGENT,1,0,1,1,0,0
556031684988,STEVEN,HUMPHREYS,721094400000,32,HIGH_SCHOOL,STUDENT,MARRIED,3,4,RENT,AGENT,0,1,0,0,0,1
38286152852,LOUIS,AVALOS,53654400000,53,DOCTORATE,SELF_EMPLOYED,WIDOWED,3,4,MORTGAGE,AGENT,1,0,1,1,0,0
855186478032,MELISSA,DERAEDT,426643200000,42,ASSOCIATE,EMPLOYED,SINGLE,2,2,OWN,ADJUSTER,1,1,0,0,0,1
292359696698,GREGORY,STADLER,-248832000000,63,HIGH_SCHOOL,RETIRED,SINGLE,0,0,MORTGAGE,AGENT,0,0,1,1,1,1
658179202390,SHAWN,ANDREWS,-345686400000,66,HIGH_SCHOOL,STUDENT,DIVORCED,3,4,OTHER,AGENT,0,0,1,0,0,1
889034078523,JORGE,OSUNA,867024000000,28,DOCTORATE,RETIRED,MARRIED,0,0,OWN,AGENT,1,0,0,1,1,1
798293336501,EDGAR,LOPEZ,918172800000,26,ASSOCIATE,EMPLOYED,MARRIED,0,0,MORTGAGE,AGENT,1,0,0,1,1,1
627148238450,BLAKE,STROUBE,757728000000,31,BACHELOR,STUDENT,MARRIED,1,2,OWN,AGENT,1,0,1,0,0,0
558577373909,CHRISTINA,TYSHENKO,661564800000,34,MASTER,STUDENT,DIVORCED,0,1,MORTGAGE,AGENT,1,0,1,0,0,1
935515700604,NORVIS,BOODRAM,59184000000,53,BACHELOR,EMPLOYED,DIVORCED,2,3,RENT,AGENT,0,0,0,1,0,1
159471038723,FRANCISCO,HERNANDEZ,-177292800000,61,DOCTORATE,EMPLOYED,SINGLE,3,4,OTHER,ADJUSTER,0,1,0,1,0,0
228069082663,EDWIN,HEMPHILL,-251769600000,63,DOCTORATE,EMPLOYED,DIVORCED,2,2,RENT,AGENT,1,0,0,0,0,0
357625166557,DAISY,RODRIGUEZ,643852800000,35,ASSOCIATE,SELF_EMPLOYED,WIDOWED,0,1,OTHER,AGENT,0,1,0,1,1,1
791068747155,MELISSA,RAMIREZ,-214012800000,62,BACHELOR,STUDENT,WIDOWED,0,1,MORTGAGE,AGENT,1,0,0,1,0,0
979675138415,ALONDRA,OLIVA,331516800000,45,DOCTORATE,SELF_EMPLOYED,DIVORCED,0,0,MORTGAGE,ADJUSTER,1,0,1,1,0,0
28409343191,SEAMUS,YOUNG,-318470400000,65,BACHELOR,RETIRED,WIDOWED,3,4,RENT,ADJUSTER,1,1,0,0,0,1
7330144488,MILES,SCRITCHLOW,669340800000,34,BACHELOR,EMPLOYED,SINGLE,1,1,OWN,ADJUSTER,1,0,0,1,0,1
21779173555,JERI,LARRINAGA,489715200000,40,HIGH_SCHOOL,EMPLOYED,MARRIED,0,1,OWN,AGENT,0,1,1,1,0,1
982031478598,BILLY,JR,264902400000,47,ASSOCIATE,SELF_EMPLOYED,DIVORCED,1,1,OWN,ADJUSTER,1,1,1,0,0,1
805954011575,DAWN,DEAR,-163468800000,60,MASTER,STUDENT,MARRIED,0,1,RENT,AGENT,1,1,0,1,1,1
312921473959,HAYDEN,THOMAS,-110246400000,59,ASSOCIATE,UNEMPLOYED,WIDOWED,3,4,OWN,AGENT,0,1,0,1,0,1
68641326354,COLIN,ELLER,-267408000000,64,DOCTORATE,UNEMPLOYED,MARRIED,2,3,RENT,AGENT,0,1,0,0,0,1
561223281967,KISCHA,MCKNIGHT,-21340800000,56,HIGH_SCHOOL,SELF_EMPLOYED,WIDOWED,2,2,RENT,AGENT,0,0,1,1,0,1
808141948427,MAKAYLA,OLIVER,-376185600000,67,MASTER,STUDENT,WIDOWED,1,1,RENT,AGENT,0,0,0,1,1,0
652652205406,NICHOLAS,RAIA,-307929600000,65,ASSOCIATE,UNEMPLOYED,DIVORCED,1,2,RENT,AGENT,0,1,0,0,0,0
825757241186,JESUSA,CASTILLO,-370483200000,67,DOCTORATE,EMPLOYED,WIDOWED,0,0,OTHER,AGENT,0,0,1,1,0,0
822499963264,RYAN,RICHARDSON,464918400000,40,DOCTORATE,SELF_EMPLOYED,DIVORCED,3,3,OTHER,AGENT,1,1,1,0,0,0
380567456756,CHIARA,KOVAR,450403200000,41,DOCTORATE,STUDENT,WIDOWED,2,3,OWN,AGENT,0,1,1,0,0,0
82450060001,SAMUEL,FRANCIS,128217600000,51,HIGH_SCHOOL,RETIRED,MARRIED,2,3,MORTGAGE,AGENT,1,0,1,0,1,0
59201869924,JARED,MASUCCI,-21254400000,56,HIGH_SCHOOL,STUDENT,DIVORCED,1,1,MORTGAGE,AGENT,0,0,1,0,0,0
810060487686,GILBERT,ALVAREZ,856915200000,28,HIGH_SCHOOL,SELF_EMPLOYED,DIVORCED,3,4,MORTGAGE,ADJUSTER,1,0,1,0,1,1
497064785474,IRENE,MITOLA,-235958400000,63,BACHELOR,EMPLOYED,MARRIED,1,1,MORTGAGE,AGENT,0,1,1,0,0,0
337026426781,JACKSON,REIS,704073600000,33,BACHELOR,STUDENT,SINGLE,2,3,OTHER,AGENT,1,0,1,0,0,1
828964614886,JAMES,SPANN,253324800000,47,BACHELOR,UNEMPLOYED,SINGLE,0,0,RENT,AGENT,1,1,1,1,1,1
562654248783,ARMOND,DAVIS,807667200000,30,MASTER,STUDENT,WIDOWED,1,2,MORTGAGE,AGENT,0,1,0,0,1,1
688163940485,JODY,PLACEK,61084800000,53,BACHELOR,RETIRED,DIVORCED,3,3,OTHER,AGENT,0,1,0,1,0,1
760910692881,LYNDA,HERRIN,543283200000,38,HIGH_SCHOOL,STUDENT,WIDOWED,1,1,MORTGAGE,AGENT,1,0,1,0,0,1
272720666565,ANDREW,MCCLAVE,-352252800000,66,HIGH_SCHOOL,RETIRED,MARRIED,2,3,MORTGAGE,AGENT,1,1,1,1,1,0
637653866665,IMANI,RAWLES,125020800000,51,BACHELOR,SELF_EMPLOYED,DIVORCED,0,1,OTHER,AGENT,1,1,0,0,0,1
993130356843,BARBARA,VIERCK,85190400000,52,BACHELOR,EMPLOYED,WIDOWED,0,0,MORTGAGE,AGENT,1,0,1,0,0,1
70056318501,NANCY,SINGLETON,682041600000,34,BACHELOR,UNEMPLOYED,SINGLE,2,3,MORTGAGE,AGENT,0,0,0,0,0,0
735253997225,CHASE,CARRILLO,869443200000,28,MASTER,STUDENT,MARRIED,2,3,OWN,AGENT,1,1,0,1,0,0
32716445750,DICKIE,JONES,150595200000,50,BACHELOR,UNEMPLOYED,WIDOWED,1,1,OTHER,ADJUSTER,0,0,0,1,0,1
795617283273,SAN,RAMIREZ,868665600000,28,BACHELOR,EMPLOYED,MARRIED,0,1,RENT,AGENT,1,1,1,0,1,0
823935460980,STEPHANIE,LOVETT,407808000000,42,MASTER,SELF_EMPLOYED,MARRIED,1,1,RENT,AGENT,0,0,0,0,0,1
837426767529,PATRICIA,RUDEN,607305600000,36,ASSOCIATE,UNEMPLOYED,WIDOWED,1,1,OWN,AGENT,0,0,1,1,0,1
627177212,FARIS,HUSSEIN,451785600000,41,BACHELOR,STUDENT,SINGLE,3,3,MORTGAGE,AGENT,0,0,1,1,1,0
470985573861,DAVID,BRONKHORST,844128000000,28,BACHELOR,RETIRED,DIVORCED,0,0,MORTGAGE,ADJUSTER,1,0,0,0,0,1
209099414745,ROZSHANI,PEREZ,422841600000,42,DOCTORATE,EMPLOYED,MARRIED,2,2,OTHER,ADJUSTER,1,0,0,1,1,1
413733093918,ALBERT,III,526348800000,38,DOCTORATE,EMPLOYED,MARRIED,3,4,MORTGAGE,AGENT,1,0,1,0,0,0
31540766874,HUNTER,HAYWOOD,-156297600000,60,DOCTORATE,EMPLOYED,DIVORCED,3,4,OWN,AGENT,0,1,0,1,1,0
194829360213,ANNETTE,INGRAM,283737600000,46,ASSOCIATE,UNEMPLOYED,DIVORCED,1,1,RENT,ADJUSTER,0,1,0,1,1,1
669265399677,EVAN,WINIK,472867200000,40,ASSOCIATE,RETIRED,WIDOWED,0,0,OWN,AGENT,1,1,1,0,0,0
150003420000,TERRY,WATSON,-48988800000,57,BACHELOR,UNEMPLOYED,MARRIED,0,0,OWN,AGENT,1,1,1,0,1,1
86027010664,GERALDINE,RUSSELL,336441600000,44,MASTER,UNEMPLOYED,MARRIED,2,2,MORTGAGE,ADJUSTER,0,1,0,1,0,1
372618044522,HILLARY,FRANKLIN,-327024000000,65,ASSOCIATE,SELF_EMPLOYED,DIVORCED,1,1,OWN,ADJUSTER,1,1,1,0,1,0
867903492277,CAROL,HEIL,647913600000,35,ASSOCIATE,SELF_EMPLOYED,SINGLE,2,3,OWN,AGENT,1,0,0,0,0,0
354678142181,BARBARA,STOWELL,-29289600000,56,ASSOCIATE,STUDENT,SINGLE,0,1,OWN,AGENT,0,0,0,0,1,0
538130280840,OLGA,RODRIGUEZ,816566400000,29,HIGH_SCHOOL,SELF_EMPLOYED,DIVORCED,1,1,MORTGAGE,AGENT,0,1,0,1,1,0
469800767305,ELIZABETH,SOTO,846979200000,28,BACHELOR,UNEMPLOYED,DIVORCED,2,3,MORTGAGE,AGENT,0,1,1,0,1,1
603422949124,TYAIRA,BAKER,-271555200000,64,HIGH_SCHOOL,STUDENT,DIVORCED,0,0,RENT,AGENT,0,0,0,1,1,1
681527359123,TENEESHA,ANDERSON,55036800000,53,DOCTORATE,EMPLOYED,MARRIED,0,1,RENT,AGENT,1,0,0,0,1,0
83935104949,BRIAN,RIEHL,456278400000,41,DOCTORATE,STUDENT,SINGLE,3,3,RENT,AGENT,0,1,0,0,1,1
981048833791,JORGE,MENDOZA,719625600000,32,DOCTORATE,EMPLOYED,DIVORCED,1,1,OWN,AGENT,1,0,0,0,0,1
811161471868,ROBIN,SZERBAKOWSKI,510364800000,39,HIGH_SCHOOL,SELF_EMPLOYED,DIVORCED,3,3,MORTGAGE,ADJUSTER,0,1,1,0,1,1
446982626287,CHANDA,ALLEN,232243200000,48,ASSOCIATE,STUDENT,SINGLE,3,3,MORTGAGE,AGENT,0,0,1,0,1,0
125261002188,EMILY,SHARON,726105600000,32,HIGH_SCHOOL,RETIRED,DIVORCED,0,1,RENT,AGENT,1,0,1,0,1,1
212570839212,JAIR,GALINDO,471225600000,40,ASSOCIATE,RETIRED,MARRIED,0,1,OTHER,AGENT,0,1,0,1,1,1
59769291046,CANDACE,MURPHY,857260800000,28,MASTER,UNEMPLOYED,MARRIED,2,3,OTHER,AGENT,1,1,0,1,1,1
452840031559,ADEMOLA,MARTIN,-22982400000,56,BACHELOR,RETIRED,DIVORCED,1,2,OTHER,AGENT,1,0,1,1,0,1
649464372678,ROY,SUN,-241660800000,63,ASSOCIATE,STUDENT,WIDOWED,0,1,RENT,AGENT,1,0,0,1,0,1
488078415785,JOHN,O'DONNELL,720489600000,32,DOCTORATE,SELF_EMPLOYED,SINGLE,3,4,MORTGAGE,ADJUSTER,0,0,0,1,1,0
213646670023,CAROL,WOLFE,155606400000,50,HIGH_SCHOOL,RETIRED,DIVORCED,3,3,RENT,AGENT,0,0,1,0,0,0
234360672540,KENNETH,BIGHORSE,667958400000,34,HIGH_SCHOOL,STUDENT,MARRIED,1,1,OWN,ADJUSTER,1,1,0,1,0,1
94435412997,JASON,LOFTIS,937353600000,25,DOCTORATE,SELF_EMPLOYED,WIDOWED,2,2,OTHER,AGENT,0,1,1,1,0,0
449389566996,JOHNNY,TOOLE,-362188800000,67,DOCTORATE,STUDENT,SINGLE,0,0,OTHER,AGENT,1,1,0,1,0,1
604914834622,BRIAN,SEATON,677376000000,34,ASSOCIATE,RETIRED,DIVORCED,3,3,OTHER,ADJUSTER,0,1,1,1,0,0
968294363466,ANDREASS,BERRYMAN,919728000000,26,DOCTORATE,SELF_EMPLOYED,WIDOWED,1,2,OTHER,ADJUSTER,0,0,0,1,1,0
541246590594,ROBERT,KATZ,858816000000,28,ASSOCIATE,UNEMPLOYED,DIVORCED,1,2,RENT,ADJUSTER,1,1,0,0,0,1
250868164345,JOSEPH,DEMOSTHENE,-371865600000,67,ASSOCIATE,RETIRED,SINGLE,3,4,OWN,AGENT,0,0,1,0,0,1
887845451045,SANDRA,MARTIN,502934400000,39,ASSOCIATE,UNEMPLOYED,DIVORCED,1,2,MORTGAGE,AGENT,0,1,1,0,0,1
987679219451,RUBEN,BLANCO,288489600000,46,MASTER,UNEMPLOYED,MARRIED,0,1,OWN,AGENT,0,1,1,0,0,1
33135329220,HOBERT,STATON,-341280000000,66,MASTER,SELF_EMPLOYED,SINGLE,0,0,OTHER,AGENT,0,1,1,1,0,1
131166472113,ELIZABETH,GILLIAM,352080000000,44,BACHELOR,RETIRED,SINGLE,3,3,MORTGAGE,AGENT,1,1,1,0,0,0
735206759658,J,JR,11923200000,55,MASTER,STUDENT,SINGLE,2,3,MORTGAGE,AGENT,0,0,1,1,0,1
635188396886,LEWIS,FREIBERG,392688000000,43,ASSOCIATE,STUDENT,SINGLE,1,2,OTHER,AGENT,0,1,1,0,1,1
170974580761,MATTHEW,MARUSAK,448848000000,41,BACHELOR,STUDENT,MARRIED,2,2,OWN,ADJUSTER,0,1,1,0,1,0
174055110984,JAMES,RUSSELL,270864000000,47,BACHELOR,RETIRED,SINGLE,1,2,OTHER,AGENT,0,0,0,0,0,0
940115515685,ANNA,EKLUND,-8553600000,55,BACHELOR,SELF_EMPLOYED,MARRIED,3,4,MORTGAGE,ADJUSTER,1,0,0,1,0,1
266557556230,JOY,OTALUKA,-108000000000,59,DOCTORATE,STUDENT,SINGLE,1,1,RENT,AGENT,0,1,1,0,0,1
327764157316,KEIRSTEN,BLAIR,471225600000,40,BACHELOR,RETIRED,SINGLE,0,0,RENT,AGENT,1,0,1,1,1,0
59072098541,STEVEN,RIDGNER,-256262400000,63,MASTER,EMPLOYED,MARRIED,1,1,OTHER,AGENT,1,1,1,1,0,0
90157852480,JAMES,SCHUETTE,162345600000,50,MASTER,UNEMPLOYED,DIVORCED,0,1,RENT,ADJUSTER,1,0,1,0,1,1
85836681904,MARIA,BRYAN,-37497600000,56,BACHELOR,STUDENT,SINGLE,0,1,OTHER,ADJUSTER,1,0,1,0,1,1
369394606019,LAXMI,NATENDLA,99619200000,52,MASTER,SELF_EMPLOYED,DIVORCED,1,1,MORTGAGE,AGENT,0,0,0,0,1,0
59978077142,KEISHA,MOORE,841363200000,28,HIGH_SCHOOL,UNEMPLOYED,DIVORCED,0,0,OTHER,BROKER,0,0,1,0,0,1
468190402610,NICHOLAS,BOONE,344390400000,44,HIGH_SCHOOL,EMPLOYED,SINGLE,1,2,OTHER,AGENT,1,1,0,0,1,1
235545506027,FNU,PRABHA,-65318400000,57,BACHELOR,EMPLOYED,DIVORCED,1,2,OTHER,AGENT,0,1,0,0,1,1
72805679105,EUGENE,MODEBE,479779200000,40,ASSOCIATE,STUDENT,SINGLE,1,1,OWN,AGENT,1,0,0,1,1,0
429790376272,STEVEN,WIGHT,103075200000,52,ASSOCIATE,RETIRED,DIVORCED,1,1,OTHER,AGENT,1,1,0,1,1,1
481223213498,BRYAN,TACKETT,670464000000,34,ASSOCIATE,STUDENT,DIVORCED,0,1,OWN,AGENT,0,1,1,0,0,0
88874801165,BRYTTANY,LESHOURE,679017600000,34,HIGH_SCHOOL,EMPLOYED,MARRIED,1,2,RENT,AGENT,0,0,0,0,0,0
215841971115,NOMIAH,KEYTON,-94348800000,58,ASSOCIATE,EMPLOYED,DIVORCED,3,3,OWN,ADJUSTER,0,1,1,1,0,0
507264129252,CARMEN,ZORRILLA,-182649600000,61,HIGH_SCHOOL,EMPLOYED,WIDOWED,0,1,MORTGAGE,AGENT,0,1,1,0,1,1
116133165729,JAMES,HASKINS,738115200000,32,MASTER,EMPLOYED,SINGLE,0,0,OTHER,AGENT,1,1,0,1,0,0
288503968636,MARC,ALCIDE,-260496000000,63,HIGH_SCHOOL,SELF_EMPLOYED,WIDOWED,0,0,OTHER,AGENT,1,1,0,0,1,0
269948858605,GWENDOLYN,RILEY,572659200000,37,MASTER,STUDENT,SINGLE,1,1,MORTGAGE,AGENT,0,1,0,1,0,1
119587869004,FABIOLA,NUNEZ,-128649600000,59,BACHELOR,EMPLOYED,SINGLE,1,2,RENT,AGENT,0,1,0,1,0,1
121041636265,MARGARET,JOHNSON,810518400000,29,BACHELOR,STUDENT,MARRIED,1,1,OTHER,AGENT,0,0,0,0,1,1
611549257094,DILLAN,RUSHING,122169600000,51,DOCTORATE,UNEMPLOYED,SINGLE,3,4,OWN,AGENT,0,1,0,1,1,0
65262679353,JAVIER,JR,727228800000,32,MASTER,SELF_EMPLOYED,WIDOWED,2,2,RENT,AGENT,0,1,1,0,1,0
345874797084,BROOKS,HICKMAN,779500800000,30,DOCTORATE,STUDENT,MARRIED,3,3,RENT,AGENT,1,0,0,1,0,0
194614333171,DANISH,PARBTANI,246153600000,47,BACHELOR,UNEMPLOYED,WIDOWED,2,2,RENT,AGENT,0,0,0,1,0,1
352411122874,DAVID,MILHOUSE,743472000000,32,HIGH_SCHOOL,RETIRED,SINGLE,2,3,RENT,AGENT,0,1,1,1,1,1
499854397824,MARGARET,MORIN,362620800000,44,BACHELOR,STUDENT,SINGLE,0,0,RENT,AGENT,1,0,1,1,1,0
261280157782,NICOLE,PIERCE,-175564800000,61,HIGH_SCHOOL,STUDENT,DIVORCED,2,3,MORTGAGE,ADJUSTER,0,1,1,0,1,1
632456555605,YAILEM,HERNANDEZ,85276800000,52,HIGH_SCHOOL,STUDENT,SINGLE,2,3,MORTGAGE,AGENT,0,1,1,0,1,0
941439634881,AMANDA,JONES,178502400000,49,BACHELOR,SELF_EMPLOYED,SINGLE,2,3,OTHER,ADJUSTER,1,1,1,0,0,1
529605817390,CHAD,MCCAULEY,381283200000,43,HIGH_SCHOOL,RETIRED,MARRIED,2,2,MORTGAGE,AGENT,0,1,1,1,0,0
997621046830,DAYTON,HOLLAND,-37843200000,56,DOCTORATE,STUDENT,WIDOWED,2,2,OWN,AGENT,0,0,1,0,0,1
67922132330,MICHELLE,NGUYEN,577670400000,37,BACHELOR,UNEMPLOYED,WIDOWED,2,2,OWN,AGENT,0,0,0,0,1,0
370602040486,GARY,HENSLEY,447033600000,41,DOCTORATE,UNEMPLOYED,MARRIED,1,1,MORTGAGE,AGENT,0,0,0,1,1,0
582745174935,DUSTIN,AMBURG,342489600000,44,BACHELOR,SELF_EMPLOYED,WIDOWED,1,2,OWN,ADJUSTER,0,1,1,0,1,0
